source,target,formula
CAIDA PRESION DE TUBERIA!V5,CAIDA PRESION DE TUBERIA!G5,=G5
CAIDA PRESION DE TUBERIA!G8,CAIDA PRESION DE TUBERIA!G5,=G7*(G5/G6)^0.5
CAIDA PRESION DE TUBERIA!G8,CAIDA PRESION DE TUBERIA!G7,=G7*(G5/G6)^0.5
CAIDA PRESION DE TUBERIA!G8,CAIDA PRESION DE TUBERIA!G6,=G7*(G5/G6)^0.5
CAIDA PRESION DE TUBERIA!V8,CAIDA PRESION DE TUBERIA!V6,=V7*(V5/V6)^0.5
CAIDA PRESION DE TUBERIA!V8,CAIDA PRESION DE TUBERIA!V5,=V7*(V5/V6)^0.5
CAIDA PRESION DE TUBERIA!V8,CAIDA PRESION DE TUBERIA!V7,=V7*(V5/V6)^0.5
CAIDA PRESION DE TUBERIA!G9,CAIDA PRESION DE TUBERIA!A20,"=VLOOKUP(A20,OUTPIPES,6,FALSE)"
CAIDA PRESION DE TUBERIA!V9,CAIDA PRESION DE TUBERIA!B20,"=VLOOKUP(B20,INPIPE,6,FALSE)"
CAIDA PRESION DE TUBERIA!G10,CAIDA PRESION DE TUBERIA!A20,"=VLOOKUP(A20,OUTPIPES,7,FALSE)"
CAIDA PRESION DE TUBERIA!V10,CAIDA PRESION DE TUBERIA!B20,"=VLOOKUP(B20,INPIPE,7,FALSE)"
CAIDA PRESION DE TUBERIA!G11,CAIDA PRESION DE TUBERIA!G5,=50.6*G5*G9/(G8*G10)
CAIDA PRESION DE TUBERIA!G11,CAIDA PRESION DE TUBERIA!G8,=50.6*G5*G9/(G8*G10)
CAIDA PRESION DE TUBERIA!G11,CAIDA PRESION DE TUBERIA!G10,=50.6*G5*G9/(G8*G10)
CAIDA PRESION DE TUBERIA!G11,CAIDA PRESION DE TUBERIA!G9,=50.6*G5*G9/(G8*G10)
CAIDA PRESION DE TUBERIA!V11,CAIDA PRESION DE TUBERIA!V10,=50.6*V5*V9/(V8*V10)
CAIDA PRESION DE TUBERIA!V11,CAIDA PRESION DE TUBERIA!V5,=50.6*V5*V9/(V8*V10)
CAIDA PRESION DE TUBERIA!V11,CAIDA PRESION DE TUBERIA!V9,=50.6*V5*V9/(V8*V10)
CAIDA PRESION DE TUBERIA!V11,CAIDA PRESION DE TUBERIA!V8,=50.6*V5*V9/(V8*V10)
CAIDA PRESION DE TUBERIA!G14,CAIDA PRESION DE TUBERIA!A21,"=VLOOKUP(A21,RUGOSIDAD,3)"
CAIDA PRESION DE TUBERIA!V14,CAIDA PRESION DE TUBERIA!B21,"=VLOOKUP(B21,RUGOSIDAD,3)"
CAIDA PRESION DE TUBERIA!G15,CAIDA PRESION DE TUBERIA!G14,=G14/(G12/12)
CAIDA PRESION DE TUBERIA!G15,CAIDA PRESION DE TUBERIA!G12,=G14/(G12/12)
CAIDA PRESION DE TUBERIA!V15,CAIDA PRESION DE TUBERIA!V14,=V14/(V12/12)
CAIDA PRESION DE TUBERIA!V15,CAIDA PRESION DE TUBERIA!V12,=V14/(V12/12)
CAIDA PRESION DE TUBERIA!G16,CAIDA PRESION DE TUBERIA!A20,"=VLOOKUP(A20,OUTPIPES,8,FALSE)"
CAIDA PRESION DE TUBERIA!V16,CAIDA PRESION DE TUBERIA!V11,= 64/V11
CAIDA PRESION DE TUBERIA!G19,CAIDA PRESION DE TUBERIA!G5,=(((G17*G16*G9*(G5^2))/(G8^5))*2.3071)*G18
CAIDA PRESION DE TUBERIA!G19,CAIDA PRESION DE TUBERIA!G16,=(((G17*G16*G9*(G5^2))/(G8^5))*2.3071)*G18
CAIDA PRESION DE TUBERIA!G19,CAIDA PRESION DE TUBERIA!G17,=(((G17*G16*G9*(G5^2))/(G8^5))*2.3071)*G18
CAIDA PRESION DE TUBERIA!G19,CAIDA PRESION DE TUBERIA!G9,=(((G17*G16*G9*(G5^2))/(G8^5))*2.3071)*G18
CAIDA PRESION DE TUBERIA!G19,CAIDA PRESION DE TUBERIA!G8,=(((G17*G16*G9*(G5^2))/(G8^5))*2.3071)*G18
CAIDA PRESION DE TUBERIA!G19,CAIDA PRESION DE TUBERIA!G18,=(((G17*G16*G9*(G5^2))/(G8^5))*2.3071)*G18
CAIDA PRESION DE TUBERIA!V19,CAIDA PRESION DE TUBERIA!V16,=(((V17*V16*V9*(V5^2))/(V8^5))*2.3071)*V18
CAIDA PRESION DE TUBERIA!V19,CAIDA PRESION DE TUBERIA!V5,=(((V17*V16*V9*(V5^2))/(V8^5))*2.3071)*V18
CAIDA PRESION DE TUBERIA!V19,CAIDA PRESION DE TUBERIA!V18,=(((V17*V16*V9*(V5^2))/(V8^5))*2.3071)*V18
CAIDA PRESION DE TUBERIA!V19,CAIDA PRESION DE TUBERIA!V9,=(((V17*V16*V9*(V5^2))/(V8^5))*2.3071)*V18
CAIDA PRESION DE TUBERIA!V19,CAIDA PRESION DE TUBERIA!V17,=(((V17*V16*V9*(V5^2))/(V8^5))*2.3071)*V18
CAIDA PRESION DE TUBERIA!V19,CAIDA PRESION DE TUBERIA!V8,=(((V17*V16*V9*(V5^2))/(V8^5))*2.3071)*V18
CALCULO DE BOMBA!C4,CAIDA PRESION DE TUBERIA!A20,"=VLOOKUP('CAIDA PRESION DE TUBERIA'!A20,OUTPIPES,2,FALSE)"
CALCULO DE BOMBA!C4,CALCULO DE BOMBA!A20,"=VLOOKUP('CAIDA PRESION DE TUBERIA'!A20,OUTPIPES,2,FALSE)"
CALCULO DE BOMBA!E4,CAIDA PRESION DE TUBERIA!G5,='CAIDA PRESION DE TUBERIA'!G5
CALCULO DE BOMBA!E4,CALCULO DE BOMBA!G5,='CAIDA PRESION DE TUBERIA'!G5
CALCULO DE BOMBA!E5,CAIDA PRESION DE TUBERIA!G9,='CAIDA PRESION DE TUBERIA'!G9
CALCULO DE BOMBA!E5,CALCULO DE BOMBA!G9,='CAIDA PRESION DE TUBERIA'!G9
CALCULO DE BOMBA!E6,CALCULO DE BOMBA!G10,='CAIDA PRESION DE TUBERIA'!G10
CALCULO DE BOMBA!E6,CAIDA PRESION DE TUBERIA!G10,='CAIDA PRESION DE TUBERIA'!G10
CALCULO DE BOMBA!E9,CALCULO DE BOMBA!A32,"=VLOOKUP(A32,presionvapor,4,FALSE)"
CALCULO DE BOMBA!C11,TABLA DE ACCESORIOS SUCCION!I40,='TABLA DE ACCESORIOS SUCCION'!I40
CALCULO DE BOMBA!C11,CALCULO DE BOMBA!I40,='TABLA DE ACCESORIOS SUCCION'!I40
CALCULO DE BOMBA!E11,CALCULO DE BOMBA!A32,"=VLOOKUP(A32,gravedadespecifica,5,FALSE)"
CALCULO DE BOMBA!C13,CALCULO DE BOMBA!V19,='CAIDA PRESION DE TUBERIA'!V19
CALCULO DE BOMBA!C13,CAIDA PRESION DE TUBERIA!V19,='CAIDA PRESION DE TUBERIA'!V19
CALCULO DE BOMBA!C14,CALCULO DE BOMBA!C13,=C12*C13
CALCULO DE BOMBA!C14,CALCULO DE BOMBA!C12,=C12*C13
CALCULO DE BOMBA!E14,CALCULO DE BOMBA!E8,=((C8+E8)*(2.31/E11))+C9-C11-C14-E9
CALCULO DE BOMBA!E14,CALCULO DE BOMBA!E9,=((C8+E8)*(2.31/E11))+C9-C11-C14-E9
CALCULO DE BOMBA!E14,CALCULO DE BOMBA!E11,=((C8+E8)*(2.31/E11))+C9-C11-C14-E9
CALCULO DE BOMBA!E14,CALCULO DE BOMBA!C8,=((C8+E8)*(2.31/E11))+C9-C11-C14-E9
CALCULO DE BOMBA!E14,CALCULO DE BOMBA!C9,=((C8+E8)*(2.31/E11))+C9-C11-C14-E9
CALCULO DE BOMBA!E14,CALCULO DE BOMBA!C11,=((C8+E8)*(2.31/E11))+C9-C11-C14-E9
CALCULO DE BOMBA!E14,CALCULO DE BOMBA!C14,=((C8+E8)*(2.31/E11))+C9-C11-C14-E9
CALCULO DE BOMBA!E20,CALCULO DE BOMBA!C28,=(E4*C28*E11)/3960
CALCULO DE BOMBA!E20,CALCULO DE BOMBA!E11,=(E4*C28*E11)/3960
CALCULO DE BOMBA!E20,CALCULO DE BOMBA!E4,=(E4*C28*E11)/3960
CALCULO DE BOMBA!C21,CALCULO DE BOMBA!C9,=C20-C9
CALCULO DE BOMBA!C21,CALCULO DE BOMBA!C20,=C20-C9
CALCULO DE BOMBA!E21,CALCULO DE BOMBA!C22,=E20/C22
CALCULO DE BOMBA!E21,CALCULO DE BOMBA!E20,=E20/C22
CALCULO DE BOMBA!E22,CALCULO DE BOMBA!E21,=E21*0.7456
CALCULO DE BOMBA!E23,CALCULO DE BOMBA!E21,=(E21*5252)/1700
CALCULO DE BOMBA!C24,TABLA DE ACCESORIOS DESCARGA!I41,='TABLA DE ACCESORIOS DESCARGA'!I41
CALCULO DE BOMBA!C24,CALCULO DE BOMBA!I41,='TABLA DE ACCESORIOS DESCARGA'!I41
CALCULO DE BOMBA!E24,CALCULO DE BOMBA!C28,=C28*0.3048
CALCULO DE BOMBA!C25,RAMALES!F18,=RAMALES!F18
CALCULO DE BOMBA!C25,CALCULO DE BOMBA!F18,=RAMALES!F18
CALCULO DE BOMBA!E25,CALCULO DE BOMBA!E4,=E4*3.7854
CALCULO DE BOMBA!C26,CALCULO DE BOMBA!F19,=RAMALES!F19
CALCULO DE BOMBA!C26,RAMALES!F19,=RAMALES!F19
CALCULO DE BOMBA!E27,CALCULO DE BOMBA!C29,=(C29*(E4^0.5))/(E24^0.75)
CALCULO DE BOMBA!E27,CALCULO DE BOMBA!E24,=(C29*(E4^0.5))/(E24^0.75)
CALCULO DE BOMBA!E27,CALCULO DE BOMBA!E4,=(C29*(E4^0.5))/(E24^0.75)
CALCULO DE BOMBA!C28,CALCULO DE BOMBA!C21,=C11+C14+C21+C24+C26
CALCULO DE BOMBA!C28,CALCULO DE BOMBA!C24,=C11+C14+C21+C24+C26
CALCULO DE BOMBA!C28,CALCULO DE BOMBA!C11,=C11+C14+C21+C24+C26
CALCULO DE BOMBA!C28,CALCULO DE BOMBA!C14,=C11+C14+C21+C24+C26
CALCULO DE BOMBA!C28,CALCULO DE BOMBA!C26,=C11+C14+C21+C24+C26
CALCULO DE BOMBA!E29,CALCULO DE BOMBA!A34,"=VLOOKUP(A34,TIPOIMPULSOR,3,FALSE)"
TABLA DE ACCESORIOS DESCARGA!D7,TABLA DE ACCESORIOS DESCARGA!K3,"=VLOOKUP(K3,FRICCION,3,FALSE)"
TABLA DE ACCESORIOS DESCARGA!G7,TABLA DE ACCESORIOS DESCARGA!K3,"=VLOOKUP(K3,DIAMETRO,4,FALSE)"
TABLA DE ACCESORIOS DESCARGA!I7,TABLA DE ACCESORIOS DESCARGA!D7,=((D7*F7)*($H$2^2)/(32.4*2))*H7
TABLA DE ACCESORIOS DESCARGA!I7,TABLA DE ACCESORIOS DESCARGA!H$2,=((D7*F7)*($H$2^2)/(32.4*2))*H7
TABLA DE ACCESORIOS DESCARGA!I7,TABLA DE ACCESORIOS DESCARGA!H7,=((D7*F7)*($H$2^2)/(32.4*2))*H7
TABLA DE ACCESORIOS DESCARGA!I7,TABLA DE ACCESORIOS DESCARGA!F7,=((D7*F7)*($H$2^2)/(32.4*2))*H7
TABLA DE ACCESORIOS DESCARGA!D8,TABLA DE ACCESORIOS DESCARGA!K4,"=VLOOKUP(K4,FRICCION,3,FALSE)"
TABLA DE ACCESORIOS DESCARGA!G8,TABLA DE ACCESORIOS DESCARGA!K$4,"=VLOOKUP($K$4,DIAMETRO,4,FALSE)"
TABLA DE ACCESORIOS DESCARGA!I8,TABLA DE ACCESORIOS DESCARGA!F8,=((D8*F8)*($H$2^2)/(32.4*2))*H8
TABLA DE ACCESORIOS DESCARGA!I8,TABLA DE ACCESORIOS DESCARGA!H8,=((D8*F8)*($H$2^2)/(32.4*2))*H8
TABLA DE ACCESORIOS DESCARGA!I8,TABLA DE ACCESORIOS DESCARGA!H$2,=((D8*F8)*($H$2^2)/(32.4*2))*H8
TABLA DE ACCESORIOS DESCARGA!I8,TABLA DE ACCESORIOS DESCARGA!D8,=((D8*F8)*($H$2^2)/(32.4*2))*H8
TABLA DE ACCESORIOS DESCARGA!D9,TABLA DE ACCESORIOS DESCARGA!K5,"=VLOOKUP(K5,FRICCION,3,FALSE)"
TABLA DE ACCESORIOS DESCARGA!G9,TABLA DE ACCESORIOS DESCARGA!K5,"=VLOOKUP(K5,DIAMETRO,4,FALSE)"
TABLA DE ACCESORIOS DESCARGA!I9,TABLA DE ACCESORIOS DESCARGA!D9,=((D9*F9)*($H$2^2)/(32.4*2))*H9
TABLA DE ACCESORIOS DESCARGA!I9,TABLA DE ACCESORIOS DESCARGA!F9,=((D9*F9)*($H$2^2)/(32.4*2))*H9
TABLA DE ACCESORIOS DESCARGA!I9,TABLA DE ACCESORIOS DESCARGA!H9,=((D9*F9)*($H$2^2)/(32.4*2))*H9
TABLA DE ACCESORIOS DESCARGA!I9,TABLA DE ACCESORIOS DESCARGA!H$2,=((D9*F9)*($H$2^2)/(32.4*2))*H9
TABLA DE ACCESORIOS DESCARGA!D10,TABLA DE ACCESORIOS DESCARGA!K6,"=VLOOKUP(K6,FRICCION,3,FALSE)"
TABLA DE ACCESORIOS DESCARGA!G10,TABLA DE ACCESORIOS DESCARGA!K6,"=VLOOKUP(K6,DIAMETRO,4,FALSE)"
TABLA DE ACCESORIOS DESCARGA!I10,TABLA DE ACCESORIOS DESCARGA!F10,=((D10*F10)*($H$2^2)/(32.4*2))*H10
TABLA DE ACCESORIOS DESCARGA!I10,TABLA DE ACCESORIOS DESCARGA!D10,=((D10*F10)*($H$2^2)/(32.4*2))*H10
TABLA DE ACCESORIOS DESCARGA!I10,TABLA DE ACCESORIOS DESCARGA!H10,=((D10*F10)*($H$2^2)/(32.4*2))*H10
TABLA DE ACCESORIOS DESCARGA!I10,TABLA DE ACCESORIOS DESCARGA!H$2,=((D10*F10)*($H$2^2)/(32.4*2))*H10
TABLA DE ACCESORIOS DESCARGA!D11,TABLA DE ACCESORIOS DESCARGA!K7,"=VLOOKUP(K7,FRICCION,3,FALSE)"
TABLA DE ACCESORIOS DESCARGA!G11,TABLA DE ACCESORIOS DESCARGA!K7,"=VLOOKUP(K7,DIAMETRO,4,FALSE)"
TABLA DE ACCESORIOS DESCARGA!I11,TABLA DE ACCESORIOS DESCARGA!H$2,=((D11*F11)*($H$2^2)/(32.4*2))*H11
TABLA DE ACCESORIOS DESCARGA!I11,TABLA DE ACCESORIOS DESCARGA!H11,=((D11*F11)*($H$2^2)/(32.4*2))*H11
TABLA DE ACCESORIOS DESCARGA!I11,TABLA DE ACCESORIOS DESCARGA!F11,=((D11*F11)*($H$2^2)/(32.4*2))*H11
TABLA DE ACCESORIOS DESCARGA!I11,TABLA DE ACCESORIOS DESCARGA!D11,=((D11*F11)*($H$2^2)/(32.4*2))*H11
TABLA DE ACCESORIOS DESCARGA!D12,TABLA DE ACCESORIOS DESCARGA!K8,"=VLOOKUP(K8,FRICCION,3,FALSE)"
TABLA DE ACCESORIOS DESCARGA!G12,TABLA DE ACCESORIOS DESCARGA!K8,"=VLOOKUP(K8,DIAMETRO,4,FALSE)"
TABLA DE ACCESORIOS DESCARGA!I12,TABLA DE ACCESORIOS DESCARGA!F12,=((D12*F12)*($H$2^2)/(32.4*2))*H12
TABLA DE ACCESORIOS DESCARGA!I12,TABLA DE ACCESORIOS DESCARGA!H12,=((D12*F12)*($H$2^2)/(32.4*2))*H12
TABLA DE ACCESORIOS DESCARGA!I12,TABLA DE ACCESORIOS DESCARGA!H$2,=((D12*F12)*($H$2^2)/(32.4*2))*H12
TABLA DE ACCESORIOS DESCARGA!I12,TABLA DE ACCESORIOS DESCARGA!D12,=((D12*F12)*($H$2^2)/(32.4*2))*H12
TABLA DE ACCESORIOS DESCARGA!D13,TABLA DE ACCESORIOS DESCARGA!K9,"=VLOOKUP(K9,FRICCION,3,FALSE)"
TABLA DE ACCESORIOS DESCARGA!G13,TABLA DE ACCESORIOS DESCARGA!K9,"=VLOOKUP(K9,DIAMETRO,4,FALSE)"
TABLA DE ACCESORIOS DESCARGA!I13,TABLA DE ACCESORIOS DESCARGA!H13,=((D13*F13)*($H$2^2)/(32.4*2))*H13
TABLA DE ACCESORIOS DESCARGA!I13,TABLA DE ACCESORIOS DESCARGA!F13,=((D13*F13)*($H$2^2)/(32.4*2))*H13
TABLA DE ACCESORIOS DESCARGA!I13,TABLA DE ACCESORIOS DESCARGA!H$2,=((D13*F13)*($H$2^2)/(32.4*2))*H13
TABLA DE ACCESORIOS DESCARGA!I13,TABLA DE ACCESORIOS DESCARGA!D13,=((D13*F13)*($H$2^2)/(32.4*2))*H13
TABLA DE ACCESORIOS DESCARGA!D14,TABLA DE ACCESORIOS DESCARGA!K10,"=VLOOKUP(K10,FRICCION,3,FALSE)"
TABLA DE ACCESORIOS DESCARGA!G14,TABLA DE ACCESORIOS DESCARGA!K10,"=VLOOKUP(K10,DIAMETRO,4,FALSE)"
TABLA DE ACCESORIOS DESCARGA!I14,TABLA DE ACCESORIOS DESCARGA!D14,=((D14*F14)*($H$2^2)/(32.4*2))*H14
TABLA DE ACCESORIOS DESCARGA!I14,TABLA DE ACCESORIOS DESCARGA!H14,=((D14*F14)*($H$2^2)/(32.4*2))*H14
TABLA DE ACCESORIOS DESCARGA!I14,TABLA DE ACCESORIOS DESCARGA!H$2,=((D14*F14)*($H$2^2)/(32.4*2))*H14
TABLA DE ACCESORIOS DESCARGA!I14,TABLA DE ACCESORIOS DESCARGA!F14,=((D14*F14)*($H$2^2)/(32.4*2))*H14
TABLA DE ACCESORIOS DESCARGA!D15,TABLA DE ACCESORIOS DESCARGA!K11,"=VLOOKUP(K11,FRICCION,3,FALSE)"
TABLA DE ACCESORIOS DESCARGA!G15,TABLA DE ACCESORIOS DESCARGA!K11,"=VLOOKUP(K11,DIAMETRO,4,FALSE)"
TABLA DE ACCESORIOS DESCARGA!I15,TABLA DE ACCESORIOS DESCARGA!H15,=((D15*F15)*($H$2^2)/(32.4*2))*H15
TABLA DE ACCESORIOS DESCARGA!I15,TABLA DE ACCESORIOS DESCARGA!F15,=((D15*F15)*($H$2^2)/(32.4*2))*H15
TABLA DE ACCESORIOS DESCARGA!I15,TABLA DE ACCESORIOS DESCARGA!D15,=((D15*F15)*($H$2^2)/(32.4*2))*H15
TABLA DE ACCESORIOS DESCARGA!I15,TABLA DE ACCESORIOS DESCARGA!H$2,=((D15*F15)*($H$2^2)/(32.4*2))*H15
TABLA DE ACCESORIOS DESCARGA!D16,TABLA DE ACCESORIOS DESCARGA!K12,"=VLOOKUP(K12,FRICCION,3,FALSE)"
TABLA DE ACCESORIOS DESCARGA!G16,TABLA DE ACCESORIOS DESCARGA!K12,"=VLOOKUP(K12,DIAMETRO,4,FALSE)"
TABLA DE ACCESORIOS DESCARGA!I16,TABLA DE ACCESORIOS DESCARGA!F16,=((D16*F16)*($H$2^2)/(32.4*2))*H16
TABLA DE ACCESORIOS DESCARGA!I16,TABLA DE ACCESORIOS DESCARGA!H16,=((D16*F16)*($H$2^2)/(32.4*2))*H16
TABLA DE ACCESORIOS DESCARGA!I16,TABLA DE ACCESORIOS DESCARGA!H$2,=((D16*F16)*($H$2^2)/(32.4*2))*H16
TABLA DE ACCESORIOS DESCARGA!I16,TABLA DE ACCESORIOS DESCARGA!D16,=((D16*F16)*($H$2^2)/(32.4*2))*H16
TABLA DE ACCESORIOS DESCARGA!D17,TABLA DE ACCESORIOS DESCARGA!K13,"=VLOOKUP(K13,FRICCION,3,FALSE)"
TABLA DE ACCESORIOS DESCARGA!G17,TABLA DE ACCESORIOS DESCARGA!K13,"=VLOOKUP(K13,DIAMETRO,4,FALSE)"
TABLA DE ACCESORIOS DESCARGA!I17,TABLA DE ACCESORIOS DESCARGA!D17,=((D17*F17)*($H$2^2)/(32.4*2))*H17
TABLA DE ACCESORIOS DESCARGA!I17,TABLA DE ACCESORIOS DESCARGA!F17,=((D17*F17)*($H$2^2)/(32.4*2))*H17
TABLA DE ACCESORIOS DESCARGA!I17,TABLA DE ACCESORIOS DESCARGA!H17,=((D17*F17)*($H$2^2)/(32.4*2))*H17
TABLA DE ACCESORIOS DESCARGA!I17,TABLA DE ACCESORIOS DESCARGA!H$2,=((D17*F17)*($H$2^2)/(32.4*2))*H17
TABLA DE ACCESORIOS DESCARGA!D18,TABLA DE ACCESORIOS DESCARGA!K14,"=VLOOKUP(K14,FRICCION,3,FALSE)"
TABLA DE ACCESORIOS DESCARGA!G18,TABLA DE ACCESORIOS DESCARGA!K14,"=VLOOKUP(K14,DIAMETRO,4,FALSE)"
TABLA DE ACCESORIOS DESCARGA!I18,TABLA DE ACCESORIOS DESCARGA!D18,=((D18*F18)*($H$2^2)/(32.4*2))*H18
TABLA DE ACCESORIOS DESCARGA!I18,TABLA DE ACCESORIOS DESCARGA!H18,=((D18*F18)*($H$2^2)/(32.4*2))*H18
TABLA DE ACCESORIOS DESCARGA!I18,TABLA DE ACCESORIOS DESCARGA!H$2,=((D18*F18)*($H$2^2)/(32.4*2))*H18
TABLA DE ACCESORIOS DESCARGA!I18,TABLA DE ACCESORIOS DESCARGA!F18,=((D18*F18)*($H$2^2)/(32.4*2))*H18
TABLA DE ACCESORIOS DESCARGA!D19,TABLA DE ACCESORIOS DESCARGA!K15,"=VLOOKUP(K15,FRICCION,3,FALSE)"
TABLA DE ACCESORIOS DESCARGA!G19,TABLA DE ACCESORIOS DESCARGA!K15,"=VLOOKUP(K15,DIAMETRO,4,FALSE)"
TABLA DE ACCESORIOS DESCARGA!I19,TABLA DE ACCESORIOS DESCARGA!H19,=((D19*F19)*($H$2^2)/(32.4*2))*H19
TABLA DE ACCESORIOS DESCARGA!I19,TABLA DE ACCESORIOS DESCARGA!H$2,=((D19*F19)*($H$2^2)/(32.4*2))*H19
TABLA DE ACCESORIOS DESCARGA!I19,TABLA DE ACCESORIOS DESCARGA!F19,=((D19*F19)*($H$2^2)/(32.4*2))*H19
TABLA DE ACCESORIOS DESCARGA!I19,TABLA DE ACCESORIOS DESCARGA!D19,=((D19*F19)*($H$2^2)/(32.4*2))*H19
TABLA DE ACCESORIOS DESCARGA!D20,TABLA DE ACCESORIOS DESCARGA!K16,"=VLOOKUP(K16,FRICCION,3,FALSE)"
TABLA DE ACCESORIOS DESCARGA!G20,TABLA DE ACCESORIOS DESCARGA!K16,"=VLOOKUP(K16,DIAMETRO,4,FALSE)"
TABLA DE ACCESORIOS DESCARGA!I20,TABLA DE ACCESORIOS DESCARGA!F20,=((D20*F20)*($H$2^2)/(32.4*2))*H20
TABLA DE ACCESORIOS DESCARGA!I20,TABLA DE ACCESORIOS DESCARGA!D20,=((D20*F20)*($H$2^2)/(32.4*2))*H20
TABLA DE ACCESORIOS DESCARGA!I20,TABLA DE ACCESORIOS DESCARGA!H20,=((D20*F20)*($H$2^2)/(32.4*2))*H20
TABLA DE ACCESORIOS DESCARGA!I20,TABLA DE ACCESORIOS DESCARGA!H$2,=((D20*F20)*($H$2^2)/(32.4*2))*H20
TABLA DE ACCESORIOS DESCARGA!D21,TABLA DE ACCESORIOS DESCARGA!K17,"=VLOOKUP(K17,FRICCION,3,FALSE)"
TABLA DE ACCESORIOS DESCARGA!G21,TABLA DE ACCESORIOS DESCARGA!K17,"=VLOOKUP(K17,DIAMETRO,4,FALSE)"
TABLA DE ACCESORIOS DESCARGA!I21,TABLA DE ACCESORIOS DESCARGA!H21,=((D21*F21)*($H$2^2)/(32.4*2))*H21
TABLA DE ACCESORIOS DESCARGA!I21,TABLA DE ACCESORIOS DESCARGA!F21,=((D21*F21)*($H$2^2)/(32.4*2))*H21
TABLA DE ACCESORIOS DESCARGA!I21,TABLA DE ACCESORIOS DESCARGA!H$2,=((D21*F21)*($H$2^2)/(32.4*2))*H21
TABLA DE ACCESORIOS DESCARGA!I21,TABLA DE ACCESORIOS DESCARGA!D21,=((D21*F21)*($H$2^2)/(32.4*2))*H21
TABLA DE ACCESORIOS DESCARGA!D22,TABLA DE ACCESORIOS DESCARGA!K18,"=VLOOKUP(K18,FRICCION,3,FALSE)"
TABLA DE ACCESORIOS DESCARGA!G22,TABLA DE ACCESORIOS DESCARGA!K18,"=VLOOKUP(K18,DIAMETRO,4,FALSE)"
TABLA DE ACCESORIOS DESCARGA!I22,TABLA DE ACCESORIOS DESCARGA!F22,=((D22*F22)*($H$2^2)/(32.4*2))*H22
TABLA DE ACCESORIOS DESCARGA!I22,TABLA DE ACCESORIOS DESCARGA!H$2,=((D22*F22)*($H$2^2)/(32.4*2))*H22
TABLA DE ACCESORIOS DESCARGA!I22,TABLA DE ACCESORIOS DESCARGA!D22,=((D22*F22)*($H$2^2)/(32.4*2))*H22
TABLA DE ACCESORIOS DESCARGA!I22,TABLA DE ACCESORIOS DESCARGA!H22,=((D22*F22)*($H$2^2)/(32.4*2))*H22
TABLA DE ACCESORIOS DESCARGA!D23,TABLA DE ACCESORIOS DESCARGA!K19,"=VLOOKUP(K19,FRICCION,3,FALSE)"
TABLA DE ACCESORIOS DESCARGA!G23,TABLA DE ACCESORIOS DESCARGA!K19,"=VLOOKUP(K19,DIAMETRO,4,FALSE)"
TABLA DE ACCESORIOS DESCARGA!I23,TABLA DE ACCESORIOS DESCARGA!H23,=((D23*F23)*($H$2^2)/(32.4*2))*H23
TABLA DE ACCESORIOS DESCARGA!I23,TABLA DE ACCESORIOS DESCARGA!H$2,=((D23*F23)*($H$2^2)/(32.4*2))*H23
TABLA DE ACCESORIOS DESCARGA!I23,TABLA DE ACCESORIOS DESCARGA!F23,=((D23*F23)*($H$2^2)/(32.4*2))*H23
TABLA DE ACCESORIOS DESCARGA!I23,TABLA DE ACCESORIOS DESCARGA!D23,=((D23*F23)*($H$2^2)/(32.4*2))*H23
TABLA DE ACCESORIOS DESCARGA!D24,TABLA DE ACCESORIOS DESCARGA!K20,"=VLOOKUP(K20,FRICCION,3,FALSE)"
TABLA DE ACCESORIOS DESCARGA!G24,TABLA DE ACCESORIOS DESCARGA!K20,"=VLOOKUP(K20,DIAMETRO,4,FALSE)"
TABLA DE ACCESORIOS DESCARGA!I24,TABLA DE ACCESORIOS DESCARGA!D24,=((D24*F24)*($H$2^2)/(32.4*2))*H24
TABLA DE ACCESORIOS DESCARGA!I24,TABLA DE ACCESORIOS DESCARGA!F24,=((D24*F24)*($H$2^2)/(32.4*2))*H24
TABLA DE ACCESORIOS DESCARGA!I24,TABLA DE ACCESORIOS DESCARGA!H24,=((D24*F24)*($H$2^2)/(32.4*2))*H24
TABLA DE ACCESORIOS DESCARGA!I24,TABLA DE ACCESORIOS DESCARGA!H$2,=((D24*F24)*($H$2^2)/(32.4*2))*H24
TABLA DE ACCESORIOS DESCARGA!D25,TABLA DE ACCESORIOS DESCARGA!K21,"=VLOOKUP(K21,FRICCION,3,FALSE)"
TABLA DE ACCESORIOS DESCARGA!G25,TABLA DE ACCESORIOS DESCARGA!K21,"=VLOOKUP(K21,DIAMETRO,4,FALSE)"
TABLA DE ACCESORIOS DESCARGA!I25,TABLA DE ACCESORIOS DESCARGA!H25,=((D25*F25)*($H$2^2)/(32.4*2))*H25
TABLA DE ACCESORIOS DESCARGA!I25,TABLA DE ACCESORIOS DESCARGA!F25,=((D25*F25)*($H$2^2)/(32.4*2))*H25
TABLA DE ACCESORIOS DESCARGA!I25,TABLA DE ACCESORIOS DESCARGA!H$2,=((D25*F25)*($H$2^2)/(32.4*2))*H25
TABLA DE ACCESORIOS DESCARGA!I25,TABLA DE ACCESORIOS DESCARGA!D25,=((D25*F25)*($H$2^2)/(32.4*2))*H25
TABLA DE ACCESORIOS DESCARGA!D26,TABLA DE ACCESORIOS DESCARGA!K22,"=VLOOKUP(K22,FRICCION,3,FALSE)"
TABLA DE ACCESORIOS DESCARGA!G26,TABLA DE ACCESORIOS DESCARGA!K22,"=VLOOKUP(K22,DIAMETRO,4,FALSE)"
TABLA DE ACCESORIOS DESCARGA!I26,TABLA DE ACCESORIOS DESCARGA!D26,=((D26*F26)*($H$2^2)/(32.4*2))*H26
TABLA DE ACCESORIOS DESCARGA!I26,TABLA DE ACCESORIOS DESCARGA!F26,=((D26*F26)*($H$2^2)/(32.4*2))*H26
TABLA DE ACCESORIOS DESCARGA!I26,TABLA DE ACCESORIOS DESCARGA!H26,=((D26*F26)*($H$2^2)/(32.4*2))*H26
TABLA DE ACCESORIOS DESCARGA!I26,TABLA DE ACCESORIOS DESCARGA!H$2,=((D26*F26)*($H$2^2)/(32.4*2))*H26
TABLA DE ACCESORIOS DESCARGA!D27,TABLA DE ACCESORIOS DESCARGA!K23,"=VLOOKUP(K23,FRICCION,3,FALSE)"
TABLA DE ACCESORIOS DESCARGA!G27,TABLA DE ACCESORIOS DESCARGA!K23,"=VLOOKUP(K23,DIAMETRO,4,FALSE)"
TABLA DE ACCESORIOS DESCARGA!I27,TABLA DE ACCESORIOS DESCARGA!F27,=((D27*F27)*($H$2^2)/(32.4*2))*H27
TABLA DE ACCESORIOS DESCARGA!I27,TABLA DE ACCESORIOS DESCARGA!H27,=((D27*F27)*($H$2^2)/(32.4*2))*H27
TABLA DE ACCESORIOS DESCARGA!I27,TABLA DE ACCESORIOS DESCARGA!H$2,=((D27*F27)*($H$2^2)/(32.4*2))*H27
TABLA DE ACCESORIOS DESCARGA!I27,TABLA DE ACCESORIOS DESCARGA!D27,=((D27*F27)*($H$2^2)/(32.4*2))*H27
TABLA DE ACCESORIOS DESCARGA!D28,TABLA DE ACCESORIOS DESCARGA!K24,"=VLOOKUP(K24,FRICCION,3,FALSE)"
TABLA DE ACCESORIOS DESCARGA!G28,TABLA DE ACCESORIOS DESCARGA!K24,"=VLOOKUP(K24,DIAMETRO,4,FALSE)"
TABLA DE ACCESORIOS DESCARGA!I28,TABLA DE ACCESORIOS DESCARGA!F28,=((D28*F28)*($H$2^2)/(32.4*2))*H28
TABLA DE ACCESORIOS DESCARGA!I28,TABLA DE ACCESORIOS DESCARGA!D28,=((D28*F28)*($H$2^2)/(32.4*2))*H28
TABLA DE ACCESORIOS DESCARGA!I28,TABLA DE ACCESORIOS DESCARGA!H$2,=((D28*F28)*($H$2^2)/(32.4*2))*H28
TABLA DE ACCESORIOS DESCARGA!I28,TABLA DE ACCESORIOS DESCARGA!H28,=((D28*F28)*($H$2^2)/(32.4*2))*H28
TABLA DE ACCESORIOS DESCARGA!D29,TABLA DE ACCESORIOS DESCARGA!K25,"=VLOOKUP(K25,FRICCION,3,FALSE)"
TABLA DE ACCESORIOS DESCARGA!G29,TABLA DE ACCESORIOS DESCARGA!K25,"=VLOOKUP(K25,DIAMETRO,4,FALSE)"
TABLA DE ACCESORIOS DESCARGA!I29,TABLA DE ACCESORIOS DESCARGA!F29,=((D29*F29)*($H$2^2)/(32.4*2))*H29
TABLA DE ACCESORIOS DESCARGA!I29,TABLA DE ACCESORIOS DESCARGA!H$2,=((D29*F29)*($H$2^2)/(32.4*2))*H29
TABLA DE ACCESORIOS DESCARGA!I29,TABLA DE ACCESORIOS DESCARGA!H29,=((D29*F29)*($H$2^2)/(32.4*2))*H29
TABLA DE ACCESORIOS DESCARGA!I29,TABLA DE ACCESORIOS DESCARGA!D29,=((D29*F29)*($H$2^2)/(32.4*2))*H29
TABLA DE ACCESORIOS DESCARGA!D30,TABLA DE ACCESORIOS DESCARGA!K26,"=VLOOKUP(K26,FRICCION,3,FALSE)"
TABLA DE ACCESORIOS DESCARGA!G30,TABLA DE ACCESORIOS DESCARGA!K26,"=VLOOKUP(K26,DIAMETRO,4,FALSE)"
TABLA DE ACCESORIOS DESCARGA!I30,TABLA DE ACCESORIOS DESCARGA!H$2,=((D30*F30)*($H$2^2)/(32.4*2))*H30
TABLA DE ACCESORIOS DESCARGA!I30,TABLA DE ACCESORIOS DESCARGA!D30,=((D30*F30)*($H$2^2)/(32.4*2))*H30
TABLA DE ACCESORIOS DESCARGA!I30,TABLA DE ACCESORIOS DESCARGA!H30,=((D30*F30)*($H$2^2)/(32.4*2))*H30
TABLA DE ACCESORIOS DESCARGA!I30,TABLA DE ACCESORIOS DESCARGA!F30,=((D30*F30)*($H$2^2)/(32.4*2))*H30
TABLA DE ACCESORIOS DESCARGA!D31,TABLA DE ACCESORIOS DESCARGA!K27,"=VLOOKUP(K27,FRICCION,3,FALSE)"
TABLA DE ACCESORIOS DESCARGA!G31,TABLA DE ACCESORIOS DESCARGA!K27,"=VLOOKUP(K27,DIAMETRO,4,FALSE)"
TABLA DE ACCESORIOS DESCARGA!I31,TABLA DE ACCESORIOS DESCARGA!H31,=((D31*F31)*($H$2^2)/(32.4*2))*H31
TABLA DE ACCESORIOS DESCARGA!I31,TABLA DE ACCESORIOS DESCARGA!F31,=((D31*F31)*($H$2^2)/(32.4*2))*H31
TABLA DE ACCESORIOS DESCARGA!I31,TABLA DE ACCESORIOS DESCARGA!D31,=((D31*F31)*($H$2^2)/(32.4*2))*H31
TABLA DE ACCESORIOS DESCARGA!I31,TABLA DE ACCESORIOS DESCARGA!H$2,=((D31*F31)*($H$2^2)/(32.4*2))*H31
TABLA DE ACCESORIOS DESCARGA!D32,TABLA DE ACCESORIOS DESCARGA!K28,"=VLOOKUP(K28,FRICCION,3,FALSE)"
TABLA DE ACCESORIOS DESCARGA!G32,TABLA DE ACCESORIOS DESCARGA!K28,"=VLOOKUP(K28,DIAMETRO,4,FALSE)"
TABLA DE ACCESORIOS DESCARGA!I32,TABLA DE ACCESORIOS DESCARGA!D32,=((D32*F32)*($H$2^2)/(32.4*2))*H32
TABLA DE ACCESORIOS DESCARGA!I32,TABLA DE ACCESORIOS DESCARGA!H32,=((D32*F32)*($H$2^2)/(32.4*2))*H32
TABLA DE ACCESORIOS DESCARGA!I32,TABLA DE ACCESORIOS DESCARGA!F32,=((D32*F32)*($H$2^2)/(32.4*2))*H32
TABLA DE ACCESORIOS DESCARGA!I32,TABLA DE ACCESORIOS DESCARGA!H$2,=((D32*F32)*($H$2^2)/(32.4*2))*H32
TABLA DE ACCESORIOS DESCARGA!D33,TABLA DE ACCESORIOS DESCARGA!K29,"=VLOOKUP(K29,FRICCION,3,FALSE)"
TABLA DE ACCESORIOS DESCARGA!G33,TABLA DE ACCESORIOS DESCARGA!K29,"=VLOOKUP(K29,DIAMETRO,4,FALSE)"
TABLA DE ACCESORIOS DESCARGA!I33,TABLA DE ACCESORIOS DESCARGA!H33,=((D33*F33)*($H$2^2)/(32.4*2))*H33
TABLA DE ACCESORIOS DESCARGA!I33,TABLA DE ACCESORIOS DESCARGA!F33,=((D33*F33)*($H$2^2)/(32.4*2))*H33
TABLA DE ACCESORIOS DESCARGA!I33,TABLA DE ACCESORIOS DESCARGA!D33,=((D33*F33)*($H$2^2)/(32.4*2))*H33
TABLA DE ACCESORIOS DESCARGA!I33,TABLA DE ACCESORIOS DESCARGA!H$2,=((D33*F33)*($H$2^2)/(32.4*2))*H33
TABLA DE ACCESORIOS DESCARGA!D34,TABLA DE ACCESORIOS DESCARGA!K30,"=VLOOKUP(K30,FRICCION,3,FALSE)"
TABLA DE ACCESORIOS DESCARGA!G34,TABLA DE ACCESORIOS DESCARGA!K30,"=VLOOKUP(K30,DIAMETRO,4,FALSE)"
TABLA DE ACCESORIOS DESCARGA!I34,TABLA DE ACCESORIOS DESCARGA!D34,=((D34*F34)*($H$2^2)/(32.4*2))*H34
TABLA DE ACCESORIOS DESCARGA!I34,TABLA DE ACCESORIOS DESCARGA!F34,=((D34*F34)*($H$2^2)/(32.4*2))*H34
TABLA DE ACCESORIOS DESCARGA!I34,TABLA DE ACCESORIOS DESCARGA!H34,=((D34*F34)*($H$2^2)/(32.4*2))*H34
TABLA DE ACCESORIOS DESCARGA!I34,TABLA DE ACCESORIOS DESCARGA!H$2,=((D34*F34)*($H$2^2)/(32.4*2))*H34
TABLA DE ACCESORIOS DESCARGA!D35,TABLA DE ACCESORIOS DESCARGA!K31,"=VLOOKUP(K31,FRICCION,3,FALSE)"
TABLA DE ACCESORIOS DESCARGA!G35,TABLA DE ACCESORIOS DESCARGA!K31,"=VLOOKUP(K31,DIAMETRO,4,FALSE)"
TABLA DE ACCESORIOS DESCARGA!I35,TABLA DE ACCESORIOS DESCARGA!F35,=((D35*F35)*($H$2^2)/(32.4*2))*H35
TABLA DE ACCESORIOS DESCARGA!I35,TABLA DE ACCESORIOS DESCARGA!D35,=((D35*F35)*($H$2^2)/(32.4*2))*H35
TABLA DE ACCESORIOS DESCARGA!I35,TABLA DE ACCESORIOS DESCARGA!H35,=((D35*F35)*($H$2^2)/(32.4*2))*H35
TABLA DE ACCESORIOS DESCARGA!I35,TABLA DE ACCESORIOS DESCARGA!H$2,=((D35*F35)*($H$2^2)/(32.4*2))*H35
TABLA DE ACCESORIOS DESCARGA!D36,TABLA DE ACCESORIOS DESCARGA!K32,"=VLOOKUP(K32,FRICCION,3,FALSE)"
TABLA DE ACCESORIOS DESCARGA!G36,TABLA DE ACCESORIOS DESCARGA!K32,"=VLOOKUP(K32,DIAMETRO,4,FALSE)"
TABLA DE ACCESORIOS DESCARGA!I36,TABLA DE ACCESORIOS DESCARGA!F36,=((D36*F36)*($H$2^2)/(32.4*2))*H36
TABLA DE ACCESORIOS DESCARGA!I36,TABLA DE ACCESORIOS DESCARGA!H$2,=((D36*F36)*($H$2^2)/(32.4*2))*H36
TABLA DE ACCESORIOS DESCARGA!I36,TABLA DE ACCESORIOS DESCARGA!D36,=((D36*F36)*($H$2^2)/(32.4*2))*H36
TABLA DE ACCESORIOS DESCARGA!I36,TABLA DE ACCESORIOS DESCARGA!H36,=((D36*F36)*($H$2^2)/(32.4*2))*H36
TABLA DE ACCESORIOS DESCARGA!D37,TABLA DE ACCESORIOS DESCARGA!K33,"=VLOOKUP(K33,FRICCION,3,FALSE)"
TABLA DE ACCESORIOS DESCARGA!G37,TABLA DE ACCESORIOS DESCARGA!K33,"=VLOOKUP(K33,DIAMETRO,4,FALSE)"
TABLA DE ACCESORIOS DESCARGA!I37,TABLA DE ACCESORIOS DESCARGA!H37,=((D37*F37)*($H$2^2)/(32.4*2))*H37
TABLA DE ACCESORIOS DESCARGA!I37,TABLA DE ACCESORIOS DESCARGA!F37,=((D37*F37)*($H$2^2)/(32.4*2))*H37
TABLA DE ACCESORIOS DESCARGA!I37,TABLA DE ACCESORIOS DESCARGA!H$2,=((D37*F37)*($H$2^2)/(32.4*2))*H37
TABLA DE ACCESORIOS DESCARGA!I37,TABLA DE ACCESORIOS DESCARGA!D37,=((D37*F37)*($H$2^2)/(32.4*2))*H37
TABLA DE ACCESORIOS DESCARGA!D38,TABLA DE ACCESORIOS DESCARGA!K34,"=VLOOKUP(K34,FRICCION,3,FALSE)"
TABLA DE ACCESORIOS DESCARGA!G38,TABLA DE ACCESORIOS DESCARGA!K34,"=VLOOKUP(K34,DIAMETRO,4,FALSE)"
TABLA DE ACCESORIOS DESCARGA!I38,TABLA DE ACCESORIOS DESCARGA!D38,=((D38*F38)*($H$2^2)/(32.4*2))*H38
TABLA DE ACCESORIOS DESCARGA!I38,TABLA DE ACCESORIOS DESCARGA!H38,=((D38*F38)*($H$2^2)/(32.4*2))*H38
TABLA DE ACCESORIOS DESCARGA!I38,TABLA DE ACCESORIOS DESCARGA!F38,=((D38*F38)*($H$2^2)/(32.4*2))*H38
TABLA DE ACCESORIOS DESCARGA!I38,TABLA DE ACCESORIOS DESCARGA!H$2,=((D38*F38)*($H$2^2)/(32.4*2))*H38
TABLA DE ACCESORIOS DESCARGA!D39,TABLA DE ACCESORIOS DESCARGA!K35,"=VLOOKUP(K35,FRICCION,3,FALSE)"
TABLA DE ACCESORIOS DESCARGA!G39,TABLA DE ACCESORIOS DESCARGA!K35,"=VLOOKUP(K35,DIAMETRO,4,FALSE)"
TABLA DE ACCESORIOS DESCARGA!I39,TABLA DE ACCESORIOS DESCARGA!D39,=((D39*F39)*($H$2^2)/(32.4*2))*H39
TABLA DE ACCESORIOS DESCARGA!I39,TABLA DE ACCESORIOS DESCARGA!H39,=((D39*F39)*($H$2^2)/(32.4*2))*H39
TABLA DE ACCESORIOS DESCARGA!I39,TABLA DE ACCESORIOS DESCARGA!F39,=((D39*F39)*($H$2^2)/(32.4*2))*H39
TABLA DE ACCESORIOS DESCARGA!I39,TABLA DE ACCESORIOS DESCARGA!H$2,=((D39*F39)*($H$2^2)/(32.4*2))*H39
TABLA DE ACCESORIOS DESCARGA!D40,TABLA DE ACCESORIOS DESCARGA!K36,"=VLOOKUP(K36,FRICCION,3,FALSE)"
TABLA DE ACCESORIOS DESCARGA!G40,TABLA DE ACCESORIOS DESCARGA!K36,"=VLOOKUP(K36,DIAMETRO,4,FALSE)"
TABLA DE ACCESORIOS DESCARGA!I40,TABLA DE ACCESORIOS DESCARGA!F40,=((D40*F40)*($H$2^2)/(32.4*2))*H40
TABLA DE ACCESORIOS DESCARGA!I40,TABLA DE ACCESORIOS DESCARGA!D40,=((D40*F40)*($H$2^2)/(32.4*2))*H40
TABLA DE ACCESORIOS DESCARGA!I40,TABLA DE ACCESORIOS DESCARGA!H$2,=((D40*F40)*($H$2^2)/(32.4*2))*H40
TABLA DE ACCESORIOS DESCARGA!I40,TABLA DE ACCESORIOS DESCARGA!H40,=((D40*F40)*($H$2^2)/(32.4*2))*H40
TABLA DE ACCESORIOS DESCARGA!I41,TABLA DE ACCESORIOS DESCARGA!Y41,=(O41+S41+U41+Y41+AC41+AG41)
TABLA DE ACCESORIOS DESCARGA!I41,TABLA DE ACCESORIOS DESCARGA!O41,=(O41+S41+U41+Y41+AC41+AG41)
TABLA DE ACCESORIOS DESCARGA!I41,TABLA DE ACCESORIOS DESCARGA!S41,=(O41+S41+U41+Y41+AC41+AG41)
TABLA DE ACCESORIOS DESCARGA!I41,TABLA DE ACCESORIOS DESCARGA!AC41,=(O41+S41+U41+Y41+AC41+AG41)
TABLA DE ACCESORIOS DESCARGA!I41,TABLA DE ACCESORIOS DESCARGA!U41,=(O41+S41+U41+Y41+AC41+AG41)
TABLA DE ACCESORIOS DESCARGA!I41,TABLA DE ACCESORIOS DESCARGA!AG41,=(O41+S41+U41+Y41+AC41+AG41)
TABLA DE ACCESORIOS DESCARGA!O41,TABLA DE ACCESORIOS DESCARGA!O7:O40,=SUM(O7:O40)
TABLA DE ACCESORIOS DESCARGA!S41,TABLA DE ACCESORIOS DESCARGA!S7:S40,=SUM(S7:S40)
TABLA DE ACCESORIOS DESCARGA!U41,TABLA DE ACCESORIOS DESCARGA!U7:U40,=(SUM(U7:U40))*2.31
TABLA DE ACCESORIOS DESCARGA!Y41,TABLA DE ACCESORIOS DESCARGA!Y7:Y40,=SUM(Y7:Y40)
TABLA DE ACCESORIOS DESCARGA!AC41,TABLA DE ACCESORIOS DESCARGA!AC7:AC40,=SUM(AC7:AC40)
TABLA DE ACCESORIOS DESCARGA!AG41,TABLA DE ACCESORIOS DESCARGA!AG7:AG40,=SUM(AG7:AG40)
TABLA DE ACCESORIOS DESCARGA!O42,TABLA DE ACCESORIOS DESCARGA!O41,=O41/2.31
TABLA DE ACCESORIOS DESCARGA!S42,TABLA DE ACCESORIOS DESCARGA!S41,=S41/2.31
TABLA DE ACCESORIOS DESCARGA!U42,TABLA DE ACCESORIOS DESCARGA!U41,=U41/2.31
TABLA DE ACCESORIOS DESCARGA!Y42,TABLA DE ACCESORIOS DESCARGA!Y41,=Y41/2.31
TABLA DE ACCESORIOS DESCARGA!AC42,TABLA DE ACCESORIOS DESCARGA!AC41,=AC41/2.31
TABLA DE ACCESORIOS DESCARGA!AG42,TABLA DE ACCESORIOS DESCARGA!AG41,=AG41/2.31
TABLA DE ACCESORIOS DESCARGA!AH46,TABLA DE ACCESORIOS DESCARGA!Y41,"=SUM(AG41,AC41,Y41,S41,O41,U41)"
TABLA DE ACCESORIOS DESCARGA!AH46,TABLA DE ACCESORIOS DESCARGA!O41,"=SUM(AG41,AC41,Y41,S41,O41,U41)"
TABLA DE ACCESORIOS DESCARGA!AH46,TABLA DE ACCESORIOS DESCARGA!S41,"=SUM(AG41,AC41,Y41,S41,O41,U41)"
TABLA DE ACCESORIOS DESCARGA!AH46,TABLA DE ACCESORIOS DESCARGA!AC41,"=SUM(AG41,AC41,Y41,S41,O41,U41)"
TABLA DE ACCESORIOS DESCARGA!AH46,TABLA DE ACCESORIOS DESCARGA!U41,"=SUM(AG41,AC41,Y41,S41,O41,U41)"
TABLA DE ACCESORIOS DESCARGA!AH46,TABLA DE ACCESORIOS DESCARGA!AG41,"=SUM(AG41,AC41,Y41,S41,O41,U41)"
TABLA DE ACCESORIOS DESCARGA!I77,TABLA DE ACCESORIOS DESCARGA!F77,=(D77*F77*(H77^2))/(32.4*2)
TABLA DE ACCESORIOS DESCARGA!I77,TABLA DE ACCESORIOS DESCARGA!D77,=(D77*F77*(H77^2))/(32.4*2)
TABLA DE ACCESORIOS DESCARGA!I77,TABLA DE ACCESORIOS DESCARGA!H77,=(D77*F77*(H77^2))/(32.4*2)
TABLA DE ACCESORIOS DESCARGA!I78,TABLA DE ACCESORIOS DESCARGA!F78,=(D78*F78*(H78^2))/(32.4*2)
TABLA DE ACCESORIOS DESCARGA!I78,TABLA DE ACCESORIOS DESCARGA!H78,=(D78*F78*(H78^2))/(32.4*2)
TABLA DE ACCESORIOS DESCARGA!I78,TABLA DE ACCESORIOS DESCARGA!D78,=(D78*F78*(H78^2))/(32.4*2)
TABLA DE ACCESORIOS DESCARGA!I79,TABLA DE ACCESORIOS DESCARGA!H79,=(D79*F79*(H79^2))/(32.4*2)
TABLA DE ACCESORIOS DESCARGA!I79,TABLA DE ACCESORIOS DESCARGA!D79,=(D79*F79*(H79^2))/(32.4*2)
TABLA DE ACCESORIOS DESCARGA!I79,TABLA DE ACCESORIOS DESCARGA!F79,=(D79*F79*(H79^2))/(32.4*2)
RAMALES!D9,CAIDA PRESION DE TUBERIA!G5,='CAIDA PRESION DE TUBERIA'!G5
RAMALES!D9,RAMALES!G5,='CAIDA PRESION DE TUBERIA'!G5
RAMALES!D10,RAMALES!D8,=(4*(D9/448.8309))/(PI()*(D8/12)*(D8/12))
RAMALES!D10,RAMALES!D9,=(4*(D9/448.8309))/(PI()*(D8/12)*(D8/12))
RAMALES!D12,RAMALES!G$16,=((('CAIDA PRESION DE TUBERIA'!$G$17*'CAIDA PRESION DE TUBERIA'!$G$16*'CAIDA PRESION DE TUBERIA'!$G$9*(D9^2))/(('CAIDA PRESION DE TUBERIA'!$G$7*(D9/D10)^0.5)^5))*2.3071)*'CAIDA PRESION DE TUBERIA'!$G$18
RAMALES!D12,RAMALES!G$9,=((('CAIDA PRESION DE TUBERIA'!$G$17*'CAIDA PRESION DE TUBERIA'!$G$16*'CAIDA PRESION DE TUBERIA'!$G$9*(D9^2))/(('CAIDA PRESION DE TUBERIA'!$G$7*(D9/D10)^0.5)^5))*2.3071)*'CAIDA PRESION DE TUBERIA'!$G$18
RAMALES!D12,RAMALES!D10,=((('CAIDA PRESION DE TUBERIA'!$G$17*'CAIDA PRESION DE TUBERIA'!$G$16*'CAIDA PRESION DE TUBERIA'!$G$9*(D9^2))/(('CAIDA PRESION DE TUBERIA'!$G$7*(D9/D10)^0.5)^5))*2.3071)*'CAIDA PRESION DE TUBERIA'!$G$18
RAMALES!D12,RAMALES!G$7,=((('CAIDA PRESION DE TUBERIA'!$G$17*'CAIDA PRESION DE TUBERIA'!$G$16*'CAIDA PRESION DE TUBERIA'!$G$9*(D9^2))/(('CAIDA PRESION DE TUBERIA'!$G$7*(D9/D10)^0.5)^5))*2.3071)*'CAIDA PRESION DE TUBERIA'!$G$18
RAMALES!D12,RAMALES!D9,=((('CAIDA PRESION DE TUBERIA'!$G$17*'CAIDA PRESION DE TUBERIA'!$G$16*'CAIDA PRESION DE TUBERIA'!$G$9*(D9^2))/(('CAIDA PRESION DE TUBERIA'!$G$7*(D9/D10)^0.5)^5))*2.3071)*'CAIDA PRESION DE TUBERIA'!$G$18
RAMALES!D12,RAMALES!G$17,=((('CAIDA PRESION DE TUBERIA'!$G$17*'CAIDA PRESION DE TUBERIA'!$G$16*'CAIDA PRESION DE TUBERIA'!$G$9*(D9^2))/(('CAIDA PRESION DE TUBERIA'!$G$7*(D9/D10)^0.5)^5))*2.3071)*'CAIDA PRESION DE TUBERIA'!$G$18
RAMALES!D12,RAMALES!G$18,=((('CAIDA PRESION DE TUBERIA'!$G$17*'CAIDA PRESION DE TUBERIA'!$G$16*'CAIDA PRESION DE TUBERIA'!$G$9*(D9^2))/(('CAIDA PRESION DE TUBERIA'!$G$7*(D9/D10)^0.5)^5))*2.3071)*'CAIDA PRESION DE TUBERIA'!$G$18
RAMALES!D13,RAMALES!D11,=D11*D12
RAMALES!D13,RAMALES!D12,=D11*D12
RAMALES!F18,RAMALES!D11,=D11
RAMALES!F19,RAMALES!D13,=D13
TABLA DE ACCESORIOS SUCCION!D6,TABLA DE ACCESORIOS SUCCION!K2,"=VLOOKUP(K2,FRICCION,3,FALSE)"
TABLA DE ACCESORIOS SUCCION!G6,TABLA DE ACCESORIOS SUCCION!K2,"=VLOOKUP(K2,DIAMETRO,4,FALSE)"
TABLA DE ACCESORIOS SUCCION!I6,TABLA DE ACCESORIOS SUCCION!V$6,=((D6*F6)*('CAIDA PRESION DE TUBERIA'!$V$6^2)/(32.4*2))*H6
TABLA DE ACCESORIOS SUCCION!I6,TABLA DE ACCESORIOS SUCCION!D6,=((D6*F6)*('CAIDA PRESION DE TUBERIA'!$V$6^2)/(32.4*2))*H6
TABLA DE ACCESORIOS SUCCION!I6,TABLA DE ACCESORIOS SUCCION!F6,=((D6*F6)*('CAIDA PRESION DE TUBERIA'!$V$6^2)/(32.4*2))*H6
TABLA DE ACCESORIOS SUCCION!I6,TABLA DE ACCESORIOS SUCCION!H6,=((D6*F6)*('CAIDA PRESION DE TUBERIA'!$V$6^2)/(32.4*2))*H6
TABLA DE ACCESORIOS SUCCION!D7,TABLA DE ACCESORIOS SUCCION!K3,"=VLOOKUP(K3,FRICCION,3,FALSE)"
TABLA DE ACCESORIOS SUCCION!G7,TABLA DE ACCESORIOS SUCCION!K3,"=VLOOKUP(K3,DIAMETRO,4,FALSE)"
TABLA DE ACCESORIOS SUCCION!I7,TABLA DE ACCESORIOS SUCCION!D7,=((D7*F7)*('CAIDA PRESION DE TUBERIA'!$V$6^2)/(32.4*2))*H7
TABLA DE ACCESORIOS SUCCION!I7,TABLA DE ACCESORIOS SUCCION!F7,=((D7*F7)*('CAIDA PRESION DE TUBERIA'!$V$6^2)/(32.4*2))*H7
TABLA DE ACCESORIOS SUCCION!I7,TABLA DE ACCESORIOS SUCCION!V$6,=((D7*F7)*('CAIDA PRESION DE TUBERIA'!$V$6^2)/(32.4*2))*H7
TABLA DE ACCESORIOS SUCCION!I7,TABLA DE ACCESORIOS SUCCION!H7,=((D7*F7)*('CAIDA PRESION DE TUBERIA'!$V$6^2)/(32.4*2))*H7
TABLA DE ACCESORIOS SUCCION!D8,TABLA DE ACCESORIOS SUCCION!K4,"=VLOOKUP(K4,FRICCION,3,FALSE)"
TABLA DE ACCESORIOS SUCCION!G8,TABLA DE ACCESORIOS SUCCION!K4,"=VLOOKUP(K4,DIAMETRO,4,FALSE)"
TABLA DE ACCESORIOS SUCCION!I8,TABLA DE ACCESORIOS SUCCION!V$6,=((D8*F8)*('CAIDA PRESION DE TUBERIA'!$V$6^2)/(32.4*2))*H8
TABLA DE ACCESORIOS SUCCION!I8,TABLA DE ACCESORIOS SUCCION!F8,=((D8*F8)*('CAIDA PRESION DE TUBERIA'!$V$6^2)/(32.4*2))*H8
TABLA DE ACCESORIOS SUCCION!I8,TABLA DE ACCESORIOS SUCCION!D8,=((D8*F8)*('CAIDA PRESION DE TUBERIA'!$V$6^2)/(32.4*2))*H8
TABLA DE ACCESORIOS SUCCION!I8,TABLA DE ACCESORIOS SUCCION!H8,=((D8*F8)*('CAIDA PRESION DE TUBERIA'!$V$6^2)/(32.4*2))*H8
TABLA DE ACCESORIOS SUCCION!D9,TABLA DE ACCESORIOS SUCCION!K5,"=VLOOKUP(K5,FRICCION,3,FALSE)"
TABLA DE ACCESORIOS SUCCION!G9,TABLA DE ACCESORIOS SUCCION!K5,"=VLOOKUP(K5,DIAMETRO,4,FALSE)"
TABLA DE ACCESORIOS SUCCION!I9,TABLA DE ACCESORIOS SUCCION!V$6,=((D9*F9)*('CAIDA PRESION DE TUBERIA'!$V$6^2)/(32.4*2))*H9
TABLA DE ACCESORIOS SUCCION!I9,TABLA DE ACCESORIOS SUCCION!H9,=((D9*F9)*('CAIDA PRESION DE TUBERIA'!$V$6^2)/(32.4*2))*H9
TABLA DE ACCESORIOS SUCCION!I9,TABLA DE ACCESORIOS SUCCION!D9,=((D9*F9)*('CAIDA PRESION DE TUBERIA'!$V$6^2)/(32.4*2))*H9
TABLA DE ACCESORIOS SUCCION!I9,TABLA DE ACCESORIOS SUCCION!F9,=((D9*F9)*('CAIDA PRESION DE TUBERIA'!$V$6^2)/(32.4*2))*H9
TABLA DE ACCESORIOS SUCCION!D10,TABLA DE ACCESORIOS SUCCION!K6,"=VLOOKUP(K6,FRICCION,3,FALSE)"
TABLA DE ACCESORIOS SUCCION!G10,TABLA DE ACCESORIOS SUCCION!K6,"=VLOOKUP(K6,DIAMETRO,4,FALSE)"
TABLA DE ACCESORIOS SUCCION!I10,TABLA DE ACCESORIOS SUCCION!V$6,=((D10*F10)*('CAIDA PRESION DE TUBERIA'!$V$6^2)/(32.4*2))*H10
TABLA DE ACCESORIOS SUCCION!I10,TABLA DE ACCESORIOS SUCCION!H10,=((D10*F10)*('CAIDA PRESION DE TUBERIA'!$V$6^2)/(32.4*2))*H10
TABLA DE ACCESORIOS SUCCION!I10,TABLA DE ACCESORIOS SUCCION!F10,=((D10*F10)*('CAIDA PRESION DE TUBERIA'!$V$6^2)/(32.4*2))*H10
TABLA DE ACCESORIOS SUCCION!I10,TABLA DE ACCESORIOS SUCCION!D10,=((D10*F10)*('CAIDA PRESION DE TUBERIA'!$V$6^2)/(32.4*2))*H10
TABLA DE ACCESORIOS SUCCION!D11,TABLA DE ACCESORIOS SUCCION!K7,"=VLOOKUP(K7,FRICCION,3,FALSE)"
TABLA DE ACCESORIOS SUCCION!G11,TABLA DE ACCESORIOS SUCCION!K7,"=VLOOKUP(K7,DIAMETRO,4,FALSE)"
TABLA DE ACCESORIOS SUCCION!I11,TABLA DE ACCESORIOS SUCCION!F11,=((D11*F11)*('CAIDA PRESION DE TUBERIA'!$V$6^2)/(32.4*2))*H11
TABLA DE ACCESORIOS SUCCION!I11,TABLA DE ACCESORIOS SUCCION!V$6,=((D11*F11)*('CAIDA PRESION DE TUBERIA'!$V$6^2)/(32.4*2))*H11
TABLA DE ACCESORIOS SUCCION!I11,TABLA DE ACCESORIOS SUCCION!D11,=((D11*F11)*('CAIDA PRESION DE TUBERIA'!$V$6^2)/(32.4*2))*H11
TABLA DE ACCESORIOS SUCCION!I11,TABLA DE ACCESORIOS SUCCION!H11,=((D11*F11)*('CAIDA PRESION DE TUBERIA'!$V$6^2)/(32.4*2))*H11
TABLA DE ACCESORIOS SUCCION!D12,TABLA DE ACCESORIOS SUCCION!K8,"=VLOOKUP(K8,FRICCION,3,FALSE)"
TABLA DE ACCESORIOS SUCCION!G12,TABLA DE ACCESORIOS SUCCION!K8,"=VLOOKUP(K8,DIAMETRO,4,FALSE)"
TABLA DE ACCESORIOS SUCCION!I12,TABLA DE ACCESORIOS SUCCION!V$6,=((D12*F12)*('CAIDA PRESION DE TUBERIA'!$V$6^2)/(32.4*2))*H12
TABLA DE ACCESORIOS SUCCION!I12,TABLA DE ACCESORIOS SUCCION!F12,=((D12*F12)*('CAIDA PRESION DE TUBERIA'!$V$6^2)/(32.4*2))*H12
TABLA DE ACCESORIOS SUCCION!I12,TABLA DE ACCESORIOS SUCCION!H12,=((D12*F12)*('CAIDA PRESION DE TUBERIA'!$V$6^2)/(32.4*2))*H12
TABLA DE ACCESORIOS SUCCION!I12,TABLA DE ACCESORIOS SUCCION!D12,=((D12*F12)*('CAIDA PRESION DE TUBERIA'!$V$6^2)/(32.4*2))*H12
TABLA DE ACCESORIOS SUCCION!D13,TABLA DE ACCESORIOS SUCCION!K9,"=VLOOKUP(K9,FRICCION,3,FALSE)"
TABLA DE ACCESORIOS SUCCION!G13,TABLA DE ACCESORIOS SUCCION!K9,"=VLOOKUP(K9,DIAMETRO,4,FALSE)"
TABLA DE ACCESORIOS SUCCION!I13,TABLA DE ACCESORIOS SUCCION!D13,=((D13*F13)*('CAIDA PRESION DE TUBERIA'!$V$6^2)/(32.4*2))*H13
TABLA DE ACCESORIOS SUCCION!I13,TABLA DE ACCESORIOS SUCCION!H13,=((D13*F13)*('CAIDA PRESION DE TUBERIA'!$V$6^2)/(32.4*2))*H13
TABLA DE ACCESORIOS SUCCION!I13,TABLA DE ACCESORIOS SUCCION!V$6,=((D13*F13)*('CAIDA PRESION DE TUBERIA'!$V$6^2)/(32.4*2))*H13
TABLA DE ACCESORIOS SUCCION!I13,TABLA DE ACCESORIOS SUCCION!F13,=((D13*F13)*('CAIDA PRESION DE TUBERIA'!$V$6^2)/(32.4*2))*H13
TABLA DE ACCESORIOS SUCCION!D14,TABLA DE ACCESORIOS SUCCION!K10,"=VLOOKUP(K10,FRICCION,3,FALSE)"
TABLA DE ACCESORIOS SUCCION!G14,TABLA DE ACCESORIOS SUCCION!K10,"=VLOOKUP(K10,DIAMETRO,4,FALSE)"
TABLA DE ACCESORIOS SUCCION!I14,TABLA DE ACCESORIOS SUCCION!D14,=((D14*F14)*('CAIDA PRESION DE TUBERIA'!$V$6^2)/(32.4*2))*H14
TABLA DE ACCESORIOS SUCCION!I14,TABLA DE ACCESORIOS SUCCION!V$6,=((D14*F14)*('CAIDA PRESION DE TUBERIA'!$V$6^2)/(32.4*2))*H14
TABLA DE ACCESORIOS SUCCION!I14,TABLA DE ACCESORIOS SUCCION!H14,=((D14*F14)*('CAIDA PRESION DE TUBERIA'!$V$6^2)/(32.4*2))*H14
TABLA DE ACCESORIOS SUCCION!I14,TABLA DE ACCESORIOS SUCCION!F14,=((D14*F14)*('CAIDA PRESION DE TUBERIA'!$V$6^2)/(32.4*2))*H14
TABLA DE ACCESORIOS SUCCION!D15,TABLA DE ACCESORIOS SUCCION!K11,"=VLOOKUP(K11,FRICCION,3,FALSE)"
TABLA DE ACCESORIOS SUCCION!G15,TABLA DE ACCESORIOS SUCCION!K11,"=VLOOKUP(K11,DIAMETRO,4,FALSE)"
TABLA DE ACCESORIOS SUCCION!I15,TABLA DE ACCESORIOS SUCCION!V$6,=((D15*F15)*('CAIDA PRESION DE TUBERIA'!$V$6^2)/(32.4*2))*H15
TABLA DE ACCESORIOS SUCCION!I15,TABLA DE ACCESORIOS SUCCION!F15,=((D15*F15)*('CAIDA PRESION DE TUBERIA'!$V$6^2)/(32.4*2))*H15
TABLA DE ACCESORIOS SUCCION!I15,TABLA DE ACCESORIOS SUCCION!H15,=((D15*F15)*('CAIDA PRESION DE TUBERIA'!$V$6^2)/(32.4*2))*H15
TABLA DE ACCESORIOS SUCCION!I15,TABLA DE ACCESORIOS SUCCION!D15,=((D15*F15)*('CAIDA PRESION DE TUBERIA'!$V$6^2)/(32.4*2))*H15
TABLA DE ACCESORIOS SUCCION!D16,TABLA DE ACCESORIOS SUCCION!K12,"=VLOOKUP(K12,FRICCION,3,FALSE)"
TABLA DE ACCESORIOS SUCCION!G16,TABLA DE ACCESORIOS SUCCION!K12,"=VLOOKUP(K12,DIAMETRO,4,FALSE)"
TABLA DE ACCESORIOS SUCCION!I16,TABLA DE ACCESORIOS SUCCION!V$6,=((D16*F16)*('CAIDA PRESION DE TUBERIA'!$V$6^2)/(32.4*2))*H16
TABLA DE ACCESORIOS SUCCION!I16,TABLA DE ACCESORIOS SUCCION!H16,=((D16*F16)*('CAIDA PRESION DE TUBERIA'!$V$6^2)/(32.4*2))*H16
TABLA DE ACCESORIOS SUCCION!I16,TABLA DE ACCESORIOS SUCCION!D16,=((D16*F16)*('CAIDA PRESION DE TUBERIA'!$V$6^2)/(32.4*2))*H16
TABLA DE ACCESORIOS SUCCION!I16,TABLA DE ACCESORIOS SUCCION!F16,=((D16*F16)*('CAIDA PRESION DE TUBERIA'!$V$6^2)/(32.4*2))*H16
TABLA DE ACCESORIOS SUCCION!D17,TABLA DE ACCESORIOS SUCCION!K13,"=VLOOKUP(K13,FRICCION,3,FALSE)"
TABLA DE ACCESORIOS SUCCION!G17,TABLA DE ACCESORIOS SUCCION!K13,"=VLOOKUP(K13,DIAMETRO,4,FALSE)"
TABLA DE ACCESORIOS SUCCION!I17,TABLA DE ACCESORIOS SUCCION!V$6,=((D17*F17)*('CAIDA PRESION DE TUBERIA'!$V$6^2)/(32.4*2))*H17
TABLA DE ACCESORIOS SUCCION!I17,TABLA DE ACCESORIOS SUCCION!H17,=((D17*F17)*('CAIDA PRESION DE TUBERIA'!$V$6^2)/(32.4*2))*H17
TABLA DE ACCESORIOS SUCCION!I17,TABLA DE ACCESORIOS SUCCION!D17,=((D17*F17)*('CAIDA PRESION DE TUBERIA'!$V$6^2)/(32.4*2))*H17
TABLA DE ACCESORIOS SUCCION!I17,TABLA DE ACCESORIOS SUCCION!F17,=((D17*F17)*('CAIDA PRESION DE TUBERIA'!$V$6^2)/(32.4*2))*H17
TABLA DE ACCESORIOS SUCCION!D18,TABLA DE ACCESORIOS SUCCION!K14,"=VLOOKUP(K14,FRICCION,3,FALSE)"
TABLA DE ACCESORIOS SUCCION!G18,TABLA DE ACCESORIOS SUCCION!K14,"=VLOOKUP(K14,DIAMETRO,4,FALSE)"
TABLA DE ACCESORIOS SUCCION!I18,TABLA DE ACCESORIOS SUCCION!F18,=((D18*F18)*('CAIDA PRESION DE TUBERIA'!$V$6^2)/(32.4*2))*H18
TABLA DE ACCESORIOS SUCCION!I18,TABLA DE ACCESORIOS SUCCION!H18,=((D18*F18)*('CAIDA PRESION DE TUBERIA'!$V$6^2)/(32.4*2))*H18
TABLA DE ACCESORIOS SUCCION!I18,TABLA DE ACCESORIOS SUCCION!V$6,=((D18*F18)*('CAIDA PRESION DE TUBERIA'!$V$6^2)/(32.4*2))*H18
TABLA DE ACCESORIOS SUCCION!I18,TABLA DE ACCESORIOS SUCCION!D18,=((D18*F18)*('CAIDA PRESION DE TUBERIA'!$V$6^2)/(32.4*2))*H18
TABLA DE ACCESORIOS SUCCION!D19,TABLA DE ACCESORIOS SUCCION!K15,"=VLOOKUP(K15,FRICCION,3,FALSE)"
TABLA DE ACCESORIOS SUCCION!G19,TABLA DE ACCESORIOS SUCCION!K15,"=VLOOKUP(K15,DIAMETRO,4,FALSE)"
TABLA DE ACCESORIOS SUCCION!I19,TABLA DE ACCESORIOS SUCCION!V$6,=((D19*F19)*('CAIDA PRESION DE TUBERIA'!$V$6^2)/(32.4*2))*H19
TABLA DE ACCESORIOS SUCCION!I19,TABLA DE ACCESORIOS SUCCION!H19,=((D19*F19)*('CAIDA PRESION DE TUBERIA'!$V$6^2)/(32.4*2))*H19
TABLA DE ACCESORIOS SUCCION!I19,TABLA DE ACCESORIOS SUCCION!F19,=((D19*F19)*('CAIDA PRESION DE TUBERIA'!$V$6^2)/(32.4*2))*H19
TABLA DE ACCESORIOS SUCCION!I19,TABLA DE ACCESORIOS SUCCION!D19,=((D19*F19)*('CAIDA PRESION DE TUBERIA'!$V$6^2)/(32.4*2))*H19
TABLA DE ACCESORIOS SUCCION!D20,TABLA DE ACCESORIOS SUCCION!K16,"=VLOOKUP(K16,FRICCION,3,FALSE)"
TABLA DE ACCESORIOS SUCCION!G20,TABLA DE ACCESORIOS SUCCION!K16,"=VLOOKUP(K16,DIAMETRO,4,FALSE)"
TABLA DE ACCESORIOS SUCCION!I20,TABLA DE ACCESORIOS SUCCION!V$6,=((D20*F20)*('CAIDA PRESION DE TUBERIA'!$V$6^2)/(32.4*2))*H20
TABLA DE ACCESORIOS SUCCION!I20,TABLA DE ACCESORIOS SUCCION!D20,=((D20*F20)*('CAIDA PRESION DE TUBERIA'!$V$6^2)/(32.4*2))*H20
TABLA DE ACCESORIOS SUCCION!I20,TABLA DE ACCESORIOS SUCCION!H20,=((D20*F20)*('CAIDA PRESION DE TUBERIA'!$V$6^2)/(32.4*2))*H20
TABLA DE ACCESORIOS SUCCION!I20,TABLA DE ACCESORIOS SUCCION!F20,=((D20*F20)*('CAIDA PRESION DE TUBERIA'!$V$6^2)/(32.4*2))*H20
TABLA DE ACCESORIOS SUCCION!D21,TABLA DE ACCESORIOS SUCCION!K17,"=VLOOKUP(K17,FRICCION,3,FALSE)"
TABLA DE ACCESORIOS SUCCION!G21,TABLA DE ACCESORIOS SUCCION!K17,"=VLOOKUP(K17,DIAMETRO,4,FALSE)"
TABLA DE ACCESORIOS SUCCION!I21,TABLA DE ACCESORIOS SUCCION!V$6,=((D21*F21)*('CAIDA PRESION DE TUBERIA'!$V$6^2)/(32.4*2))*H21
TABLA DE ACCESORIOS SUCCION!I21,TABLA DE ACCESORIOS SUCCION!F21,=((D21*F21)*('CAIDA PRESION DE TUBERIA'!$V$6^2)/(32.4*2))*H21
TABLA DE ACCESORIOS SUCCION!I21,TABLA DE ACCESORIOS SUCCION!H21,=((D21*F21)*('CAIDA PRESION DE TUBERIA'!$V$6^2)/(32.4*2))*H21
TABLA DE ACCESORIOS SUCCION!I21,TABLA DE ACCESORIOS SUCCION!D21,=((D21*F21)*('CAIDA PRESION DE TUBERIA'!$V$6^2)/(32.4*2))*H21
TABLA DE ACCESORIOS SUCCION!D22,TABLA DE ACCESORIOS SUCCION!K18,"=VLOOKUP(K18,FRICCION,3,FALSE)"
TABLA DE ACCESORIOS SUCCION!G22,TABLA DE ACCESORIOS SUCCION!K18,"=VLOOKUP(K18,DIAMETRO,4,FALSE)"
TABLA DE ACCESORIOS SUCCION!I22,TABLA DE ACCESORIOS SUCCION!V$6,=((D22*F22)*('CAIDA PRESION DE TUBERIA'!$V$6^2)/(32.4*2))*H22
TABLA DE ACCESORIOS SUCCION!I22,TABLA DE ACCESORIOS SUCCION!D22,=((D22*F22)*('CAIDA PRESION DE TUBERIA'!$V$6^2)/(32.4*2))*H22
TABLA DE ACCESORIOS SUCCION!I22,TABLA DE ACCESORIOS SUCCION!F22,=((D22*F22)*('CAIDA PRESION DE TUBERIA'!$V$6^2)/(32.4*2))*H22
TABLA DE ACCESORIOS SUCCION!I22,TABLA DE ACCESORIOS SUCCION!H22,=((D22*F22)*('CAIDA PRESION DE TUBERIA'!$V$6^2)/(32.4*2))*H22
TABLA DE ACCESORIOS SUCCION!D23,TABLA DE ACCESORIOS SUCCION!K19,"=VLOOKUP(K19,FRICCION,3,FALSE)"
TABLA DE ACCESORIOS SUCCION!G23,TABLA DE ACCESORIOS SUCCION!K19,"=VLOOKUP(K19,DIAMETRO,4,FALSE)"
TABLA DE ACCESORIOS SUCCION!I23,TABLA DE ACCESORIOS SUCCION!V$6,=((D23*F23)*('CAIDA PRESION DE TUBERIA'!$V$6^2)/(32.4*2))*H23
TABLA DE ACCESORIOS SUCCION!I23,TABLA DE ACCESORIOS SUCCION!D23,=((D23*F23)*('CAIDA PRESION DE TUBERIA'!$V$6^2)/(32.4*2))*H23
TABLA DE ACCESORIOS SUCCION!I23,TABLA DE ACCESORIOS SUCCION!F23,=((D23*F23)*('CAIDA PRESION DE TUBERIA'!$V$6^2)/(32.4*2))*H23
TABLA DE ACCESORIOS SUCCION!I23,TABLA DE ACCESORIOS SUCCION!H23,=((D23*F23)*('CAIDA PRESION DE TUBERIA'!$V$6^2)/(32.4*2))*H23
TABLA DE ACCESORIOS SUCCION!D24,TABLA DE ACCESORIOS SUCCION!K20,"=VLOOKUP(K20,FRICCION,3,FALSE)"
TABLA DE ACCESORIOS SUCCION!G24,TABLA DE ACCESORIOS SUCCION!K20,"=VLOOKUP(K20,DIAMETRO,4,FALSE)"
TABLA DE ACCESORIOS SUCCION!I24,TABLA DE ACCESORIOS SUCCION!V$6,=((D24*F24)*('CAIDA PRESION DE TUBERIA'!$V$6^2)/(32.4*2))*H24
TABLA DE ACCESORIOS SUCCION!I24,TABLA DE ACCESORIOS SUCCION!D24,=((D24*F24)*('CAIDA PRESION DE TUBERIA'!$V$6^2)/(32.4*2))*H24
TABLA DE ACCESORIOS SUCCION!I24,TABLA DE ACCESORIOS SUCCION!H24,=((D24*F24)*('CAIDA PRESION DE TUBERIA'!$V$6^2)/(32.4*2))*H24
TABLA DE ACCESORIOS SUCCION!I24,TABLA DE ACCESORIOS SUCCION!F24,=((D24*F24)*('CAIDA PRESION DE TUBERIA'!$V$6^2)/(32.4*2))*H24
TABLA DE ACCESORIOS SUCCION!D25,TABLA DE ACCESORIOS SUCCION!K21,"=VLOOKUP(K21,FRICCION,3,FALSE)"
TABLA DE ACCESORIOS SUCCION!G25,TABLA DE ACCESORIOS SUCCION!K21,"=VLOOKUP(K21,DIAMETRO,4,FALSE)"
TABLA DE ACCESORIOS SUCCION!I25,TABLA DE ACCESORIOS SUCCION!D25,=((D25*F25)*('CAIDA PRESION DE TUBERIA'!$V$6^2)/(32.4*2))*H25
TABLA DE ACCESORIOS SUCCION!I25,TABLA DE ACCESORIOS SUCCION!H25,=((D25*F25)*('CAIDA PRESION DE TUBERIA'!$V$6^2)/(32.4*2))*H25
TABLA DE ACCESORIOS SUCCION!I25,TABLA DE ACCESORIOS SUCCION!V$6,=((D25*F25)*('CAIDA PRESION DE TUBERIA'!$V$6^2)/(32.4*2))*H25
TABLA DE ACCESORIOS SUCCION!I25,TABLA DE ACCESORIOS SUCCION!F25,=((D25*F25)*('CAIDA PRESION DE TUBERIA'!$V$6^2)/(32.4*2))*H25
TABLA DE ACCESORIOS SUCCION!D26,TABLA DE ACCESORIOS SUCCION!K22,"=VLOOKUP(K22,FRICCION,3,FALSE)"
TABLA DE ACCESORIOS SUCCION!G26,TABLA DE ACCESORIOS SUCCION!K22,"=VLOOKUP(K22,DIAMETRO,4,FALSE)"
TABLA DE ACCESORIOS SUCCION!I26,TABLA DE ACCESORIOS SUCCION!F26,=((D26*F26)*('CAIDA PRESION DE TUBERIA'!$V$6^2)/(32.4*2))*H26
TABLA DE ACCESORIOS SUCCION!I26,TABLA DE ACCESORIOS SUCCION!D26,=((D26*F26)*('CAIDA PRESION DE TUBERIA'!$V$6^2)/(32.4*2))*H26
TABLA DE ACCESORIOS SUCCION!I26,TABLA DE ACCESORIOS SUCCION!V$6,=((D26*F26)*('CAIDA PRESION DE TUBERIA'!$V$6^2)/(32.4*2))*H26
TABLA DE ACCESORIOS SUCCION!I26,TABLA DE ACCESORIOS SUCCION!H26,=((D26*F26)*('CAIDA PRESION DE TUBERIA'!$V$6^2)/(32.4*2))*H26
TABLA DE ACCESORIOS SUCCION!D27,TABLA DE ACCESORIOS SUCCION!K23,"=VLOOKUP(K23,FRICCION,3,FALSE)"
TABLA DE ACCESORIOS SUCCION!G27,TABLA DE ACCESORIOS SUCCION!K23,"=VLOOKUP(K23,DIAMETRO,4,FALSE)"
TABLA DE ACCESORIOS SUCCION!I27,TABLA DE ACCESORIOS SUCCION!V$6,=((D27*F27)*('CAIDA PRESION DE TUBERIA'!$V$6^2)/(32.4*2))*H27
TABLA DE ACCESORIOS SUCCION!I27,TABLA DE ACCESORIOS SUCCION!H27,=((D27*F27)*('CAIDA PRESION DE TUBERIA'!$V$6^2)/(32.4*2))*H27
TABLA DE ACCESORIOS SUCCION!I27,TABLA DE ACCESORIOS SUCCION!D27,=((D27*F27)*('CAIDA PRESION DE TUBERIA'!$V$6^2)/(32.4*2))*H27
TABLA DE ACCESORIOS SUCCION!I27,TABLA DE ACCESORIOS SUCCION!F27,=((D27*F27)*('CAIDA PRESION DE TUBERIA'!$V$6^2)/(32.4*2))*H27
TABLA DE ACCESORIOS SUCCION!D28,TABLA DE ACCESORIOS SUCCION!K24,"=VLOOKUP(K24,FRICCION,3,FALSE)"
TABLA DE ACCESORIOS SUCCION!G28,TABLA DE ACCESORIOS SUCCION!K24,"=VLOOKUP(K24,DIAMETRO,4,FALSE)"
TABLA DE ACCESORIOS SUCCION!I28,TABLA DE ACCESORIOS SUCCION!V$6,=((D28*F28)*('CAIDA PRESION DE TUBERIA'!$V$6^2)/(32.4*2))*H28
TABLA DE ACCESORIOS SUCCION!I28,TABLA DE ACCESORIOS SUCCION!D28,=((D28*F28)*('CAIDA PRESION DE TUBERIA'!$V$6^2)/(32.4*2))*H28
TABLA DE ACCESORIOS SUCCION!I28,TABLA DE ACCESORIOS SUCCION!F28,=((D28*F28)*('CAIDA PRESION DE TUBERIA'!$V$6^2)/(32.4*2))*H28
TABLA DE ACCESORIOS SUCCION!I28,TABLA DE ACCESORIOS SUCCION!H28,=((D28*F28)*('CAIDA PRESION DE TUBERIA'!$V$6^2)/(32.4*2))*H28
TABLA DE ACCESORIOS SUCCION!D29,TABLA DE ACCESORIOS SUCCION!K25,"=VLOOKUP(K25,FRICCION,3,FALSE)"
TABLA DE ACCESORIOS SUCCION!G29,TABLA DE ACCESORIOS SUCCION!K25,"=VLOOKUP(K25,DIAMETRO,4,FALSE)"
TABLA DE ACCESORIOS SUCCION!I29,TABLA DE ACCESORIOS SUCCION!D29,=((D29*F29)*('CAIDA PRESION DE TUBERIA'!$V$6^2)/(32.4*2))*H29
TABLA DE ACCESORIOS SUCCION!I29,TABLA DE ACCESORIOS SUCCION!V$6,=((D29*F29)*('CAIDA PRESION DE TUBERIA'!$V$6^2)/(32.4*2))*H29
TABLA DE ACCESORIOS SUCCION!I29,TABLA DE ACCESORIOS SUCCION!H29,=((D29*F29)*('CAIDA PRESION DE TUBERIA'!$V$6^2)/(32.4*2))*H29
TABLA DE ACCESORIOS SUCCION!I29,TABLA DE ACCESORIOS SUCCION!F29,=((D29*F29)*('CAIDA PRESION DE TUBERIA'!$V$6^2)/(32.4*2))*H29
TABLA DE ACCESORIOS SUCCION!D30,TABLA DE ACCESORIOS SUCCION!K26,"=VLOOKUP(K26,FRICCION,3,FALSE)"
TABLA DE ACCESORIOS SUCCION!G30,TABLA DE ACCESORIOS SUCCION!K26,"=VLOOKUP(K26,DIAMETRO,4,FALSE)"
TABLA DE ACCESORIOS SUCCION!I30,TABLA DE ACCESORIOS SUCCION!V$6,=((D30*F30)*('CAIDA PRESION DE TUBERIA'!$V$6^2)/(32.4*2))*H30
TABLA DE ACCESORIOS SUCCION!I30,TABLA DE ACCESORIOS SUCCION!H30,=((D30*F30)*('CAIDA PRESION DE TUBERIA'!$V$6^2)/(32.4*2))*H30
TABLA DE ACCESORIOS SUCCION!I30,TABLA DE ACCESORIOS SUCCION!F30,=((D30*F30)*('CAIDA PRESION DE TUBERIA'!$V$6^2)/(32.4*2))*H30
TABLA DE ACCESORIOS SUCCION!I30,TABLA DE ACCESORIOS SUCCION!D30,=((D30*F30)*('CAIDA PRESION DE TUBERIA'!$V$6^2)/(32.4*2))*H30
TABLA DE ACCESORIOS SUCCION!D31,TABLA DE ACCESORIOS SUCCION!K27,"=VLOOKUP(K27,FRICCION,3,FALSE)"
TABLA DE ACCESORIOS SUCCION!G31,TABLA DE ACCESORIOS SUCCION!K27,"=VLOOKUP(K27,DIAMETRO,4,FALSE)"
TABLA DE ACCESORIOS SUCCION!I31,TABLA DE ACCESORIOS SUCCION!V$6,=((D31*F31)*('CAIDA PRESION DE TUBERIA'!$V$6^2)/(32.4*2))*H31
TABLA DE ACCESORIOS SUCCION!I31,TABLA DE ACCESORIOS SUCCION!F31,=((D31*F31)*('CAIDA PRESION DE TUBERIA'!$V$6^2)/(32.4*2))*H31
TABLA DE ACCESORIOS SUCCION!I31,TABLA DE ACCESORIOS SUCCION!D31,=((D31*F31)*('CAIDA PRESION DE TUBERIA'!$V$6^2)/(32.4*2))*H31
TABLA DE ACCESORIOS SUCCION!I31,TABLA DE ACCESORIOS SUCCION!H31,=((D31*F31)*('CAIDA PRESION DE TUBERIA'!$V$6^2)/(32.4*2))*H31
TABLA DE ACCESORIOS SUCCION!D32,TABLA DE ACCESORIOS SUCCION!K28,"=VLOOKUP(K28,FRICCION,3,FALSE)"
TABLA DE ACCESORIOS SUCCION!G32,TABLA DE ACCESORIOS SUCCION!K28,"=VLOOKUP(K28,DIAMETRO,4,FALSE)"
TABLA DE ACCESORIOS SUCCION!I32,TABLA DE ACCESORIOS SUCCION!V$6,=((D32*F32)*('CAIDA PRESION DE TUBERIA'!$V$6^2)/(32.4*2))*H32
TABLA DE ACCESORIOS SUCCION!I32,TABLA DE ACCESORIOS SUCCION!F32,=((D32*F32)*('CAIDA PRESION DE TUBERIA'!$V$6^2)/(32.4*2))*H32
TABLA DE ACCESORIOS SUCCION!I32,TABLA DE ACCESORIOS SUCCION!D32,=((D32*F32)*('CAIDA PRESION DE TUBERIA'!$V$6^2)/(32.4*2))*H32
TABLA DE ACCESORIOS SUCCION!I32,TABLA DE ACCESORIOS SUCCION!H32,=((D32*F32)*('CAIDA PRESION DE TUBERIA'!$V$6^2)/(32.4*2))*H32
TABLA DE ACCESORIOS SUCCION!D33,TABLA DE ACCESORIOS SUCCION!K29,"=VLOOKUP(K29,FRICCION,3,FALSE)"
TABLA DE ACCESORIOS SUCCION!G33,TABLA DE ACCESORIOS SUCCION!K29,"=VLOOKUP(K29,DIAMETRO,4,FALSE)"
TABLA DE ACCESORIOS SUCCION!I33,TABLA DE ACCESORIOS SUCCION!D33,=((D33*F33)*('CAIDA PRESION DE TUBERIA'!$V$6^2)/(32.4*2))*H33
TABLA DE ACCESORIOS SUCCION!I33,TABLA DE ACCESORIOS SUCCION!F33,=((D33*F33)*('CAIDA PRESION DE TUBERIA'!$V$6^2)/(32.4*2))*H33
TABLA DE ACCESORIOS SUCCION!I33,TABLA DE ACCESORIOS SUCCION!V$6,=((D33*F33)*('CAIDA PRESION DE TUBERIA'!$V$6^2)/(32.4*2))*H33
TABLA DE ACCESORIOS SUCCION!I33,TABLA DE ACCESORIOS SUCCION!H33,=((D33*F33)*('CAIDA PRESION DE TUBERIA'!$V$6^2)/(32.4*2))*H33
TABLA DE ACCESORIOS SUCCION!D34,TABLA DE ACCESORIOS SUCCION!K30,"=VLOOKUP(K30,FRICCION,3,FALSE)"
TABLA DE ACCESORIOS SUCCION!G34,TABLA DE ACCESORIOS SUCCION!K30,"=VLOOKUP(K30,DIAMETRO,4,FALSE)"
TABLA DE ACCESORIOS SUCCION!I34,TABLA DE ACCESORIOS SUCCION!V$6,=((D34*F34)*('CAIDA PRESION DE TUBERIA'!$V$6^2)/(32.4*2))*H34
TABLA DE ACCESORIOS SUCCION!I34,TABLA DE ACCESORIOS SUCCION!F34,=((D34*F34)*('CAIDA PRESION DE TUBERIA'!$V$6^2)/(32.4*2))*H34
TABLA DE ACCESORIOS SUCCION!I34,TABLA DE ACCESORIOS SUCCION!D34,=((D34*F34)*('CAIDA PRESION DE TUBERIA'!$V$6^2)/(32.4*2))*H34
TABLA DE ACCESORIOS SUCCION!I34,TABLA DE ACCESORIOS SUCCION!H34,=((D34*F34)*('CAIDA PRESION DE TUBERIA'!$V$6^2)/(32.4*2))*H34
TABLA DE ACCESORIOS SUCCION!D35,TABLA DE ACCESORIOS SUCCION!K31,"=VLOOKUP(K31,FRICCION,3,FALSE)"
TABLA DE ACCESORIOS SUCCION!G35,TABLA DE ACCESORIOS SUCCION!K31,"=VLOOKUP(K31,DIAMETRO,4,FALSE)"
TABLA DE ACCESORIOS SUCCION!I35,TABLA DE ACCESORIOS SUCCION!V$6,=((D35*F35)*('CAIDA PRESION DE TUBERIA'!$V$6^2)/(32.4*2))*H35
TABLA DE ACCESORIOS SUCCION!I35,TABLA DE ACCESORIOS SUCCION!H35,=((D35*F35)*('CAIDA PRESION DE TUBERIA'!$V$6^2)/(32.4*2))*H35
TABLA DE ACCESORIOS SUCCION!I35,TABLA DE ACCESORIOS SUCCION!D35,=((D35*F35)*('CAIDA PRESION DE TUBERIA'!$V$6^2)/(32.4*2))*H35
TABLA DE ACCESORIOS SUCCION!I35,TABLA DE ACCESORIOS SUCCION!F35,=((D35*F35)*('CAIDA PRESION DE TUBERIA'!$V$6^2)/(32.4*2))*H35
TABLA DE ACCESORIOS SUCCION!D36,TABLA DE ACCESORIOS SUCCION!K32,"=VLOOKUP(K32,FRICCION,3,FALSE)"
TABLA DE ACCESORIOS SUCCION!G36,TABLA DE ACCESORIOS SUCCION!K32,"=VLOOKUP(K32,DIAMETRO,4,FALSE)"
TABLA DE ACCESORIOS SUCCION!I36,TABLA DE ACCESORIOS SUCCION!F36,=((D36*F36)*('CAIDA PRESION DE TUBERIA'!$V$6^2)/(32.4*2))*H36
TABLA DE ACCESORIOS SUCCION!I36,TABLA DE ACCESORIOS SUCCION!V$6,=((D36*F36)*('CAIDA PRESION DE TUBERIA'!$V$6^2)/(32.4*2))*H36
TABLA DE ACCESORIOS SUCCION!I36,TABLA DE ACCESORIOS SUCCION!H36,=((D36*F36)*('CAIDA PRESION DE TUBERIA'!$V$6^2)/(32.4*2))*H36
TABLA DE ACCESORIOS SUCCION!I36,TABLA DE ACCESORIOS SUCCION!D36,=((D36*F36)*('CAIDA PRESION DE TUBERIA'!$V$6^2)/(32.4*2))*H36
TABLA DE ACCESORIOS SUCCION!D37,TABLA DE ACCESORIOS SUCCION!K33,"=VLOOKUP(K33,FRICCION,3,FALSE)"
TABLA DE ACCESORIOS SUCCION!G37,TABLA DE ACCESORIOS SUCCION!K33,"=VLOOKUP(K33,DIAMETRO,4,FALSE)"
TABLA DE ACCESORIOS SUCCION!I37,TABLA DE ACCESORIOS SUCCION!V$6,=((D37*F37)*('CAIDA PRESION DE TUBERIA'!$V$6^2)/(32.4*2))*H37
TABLA DE ACCESORIOS SUCCION!I37,TABLA DE ACCESORIOS SUCCION!F37,=((D37*F37)*('CAIDA PRESION DE TUBERIA'!$V$6^2)/(32.4*2))*H37
TABLA DE ACCESORIOS SUCCION!I37,TABLA DE ACCESORIOS SUCCION!D37,=((D37*F37)*('CAIDA PRESION DE TUBERIA'!$V$6^2)/(32.4*2))*H37
TABLA DE ACCESORIOS SUCCION!I37,TABLA DE ACCESORIOS SUCCION!H37,=((D37*F37)*('CAIDA PRESION DE TUBERIA'!$V$6^2)/(32.4*2))*H37
TABLA DE ACCESORIOS SUCCION!D38,TABLA DE ACCESORIOS SUCCION!K34,"=VLOOKUP(K34,FRICCION,3,FALSE)"
TABLA DE ACCESORIOS SUCCION!G38,TABLA DE ACCESORIOS SUCCION!K34,"=VLOOKUP(K34,DIAMETRO,4,FALSE)"
TABLA DE ACCESORIOS SUCCION!I38,TABLA DE ACCESORIOS SUCCION!V$6,=((D38*F38)*('CAIDA PRESION DE TUBERIA'!$V$6^2)/(32.4*2))*H38
TABLA DE ACCESORIOS SUCCION!I38,TABLA DE ACCESORIOS SUCCION!F38,=((D38*F38)*('CAIDA PRESION DE TUBERIA'!$V$6^2)/(32.4*2))*H38
TABLA DE ACCESORIOS SUCCION!I38,TABLA DE ACCESORIOS SUCCION!D38,=((D38*F38)*('CAIDA PRESION DE TUBERIA'!$V$6^2)/(32.4*2))*H38
TABLA DE ACCESORIOS SUCCION!I38,TABLA DE ACCESORIOS SUCCION!H38,=((D38*F38)*('CAIDA PRESION DE TUBERIA'!$V$6^2)/(32.4*2))*H38
TABLA DE ACCESORIOS SUCCION!D39,TABLA DE ACCESORIOS SUCCION!K35,"=VLOOKUP(K35,FRICCION,3,FALSE)"
TABLA DE ACCESORIOS SUCCION!G39,TABLA DE ACCESORIOS SUCCION!K35,"=VLOOKUP(K35,DIAMETRO,4,FALSE)"
TABLA DE ACCESORIOS SUCCION!I39,TABLA DE ACCESORIOS SUCCION!D39,=((D39*F39)*('CAIDA PRESION DE TUBERIA'!$V$6^2)/(32.4*2))*H39
TABLA DE ACCESORIOS SUCCION!I39,TABLA DE ACCESORIOS SUCCION!V$6,=((D39*F39)*('CAIDA PRESION DE TUBERIA'!$V$6^2)/(32.4*2))*H39
TABLA DE ACCESORIOS SUCCION!I39,TABLA DE ACCESORIOS SUCCION!F39,=((D39*F39)*('CAIDA PRESION DE TUBERIA'!$V$6^2)/(32.4*2))*H39
TABLA DE ACCESORIOS SUCCION!I39,TABLA DE ACCESORIOS SUCCION!H39,=((D39*F39)*('CAIDA PRESION DE TUBERIA'!$V$6^2)/(32.4*2))*H39
TABLA DE ACCESORIOS SUCCION!I40,TABLA DE ACCESORIOS SUCCION!I6:I39,=SUM(I6:I39)
005PU001!E4,CALCULO DE BOMBA!C2,='CALCULO DE BOMBA'!C2
005PU001!E4,005PU001!C2,='CALCULO DE BOMBA'!C2
005PU001!E5,CALCULO DE BOMBA!C1,='CALCULO DE BOMBA'!C1
005PU001!E5,005PU001!C1,='CALCULO DE BOMBA'!C1
005PU001!H6,RESUMEN PARA PDF!B13,='RESUMEN PARA PDF'!B13
005PU001!H6,005PU001!B13,='RESUMEN PARA PDF'!B13
005PU001!H7,005PU001!B16,='RESUMEN PARA PDF'!B16
005PU001!H7,RESUMEN PARA PDF!B16,='RESUMEN PARA PDF'!B16
005PU001!H8,RESUMEN PARA PDF!B28,='RESUMEN PARA PDF'!B28
005PU001!H8,005PU001!B28,='RESUMEN PARA PDF'!B28
005PU001!D9,005PU001!G14,='RESUMEN PARA PDF'!G14
005PU001!D9,RESUMEN PARA PDF!G14,='RESUMEN PARA PDF'!G14
005PU001!H9,RESUMEN PARA PDF!D28,='RESUMEN PARA PDF'!D28
005PU001!H9,005PU001!D28,='RESUMEN PARA PDF'!D28
005PU001!D10,005PU001!G16,='RESUMEN PARA PDF'!G16
005PU001!D10,RESUMEN PARA PDF!G16,='RESUMEN PARA PDF'!G16
005PU001!H10,005PU001!G25,='RESUMEN PARA PDF'!G25/3.281
005PU001!H10,RESUMEN PARA PDF!G25,='RESUMEN PARA PDF'!G25/3.281
005PU001!D11,RESUMEN PARA PDF!G15,='RESUMEN PARA PDF'!G15
005PU001!D11,005PU001!G15,='RESUMEN PARA PDF'!G15
005PU001!H11,RESUMEN PARA PDF!G29,='RESUMEN PARA PDF'!G29
005PU001!H11,005PU001!G29,='RESUMEN PARA PDF'!G29
005PU001!D23,RESUMEN PARA PDF!G28,='RESUMEN PARA PDF'!G28
005PU001!D23,005PU001!G28,='RESUMEN PARA PDF'!G28
RESUMEN PARA PDF!C4,CALCULO DE BOMBA!C2,='CALCULO DE BOMBA'!C2
RESUMEN PARA PDF!C4,RESUMEN PARA PDF!C2,='CALCULO DE BOMBA'!C2
RESUMEN PARA PDF!B9,RESUMEN PARA PDF!C4,=C4
RESUMEN PARA PDF!B13,RESUMEN PARA PDF!V5,='CAIDA PRESION DE TUBERIA'!V5
RESUMEN PARA PDF!B13,CAIDA PRESION DE TUBERIA!V5,='CAIDA PRESION DE TUBERIA'!V5
RESUMEN PARA PDF!D13,RESUMEN PARA PDF!B13,=B13*3.785
RESUMEN PARA PDF!G13,CALCULO DE BOMBA!C4,='CALCULO DE BOMBA'!C4
RESUMEN PARA PDF!G13,RESUMEN PARA PDF!C4,='CALCULO DE BOMBA'!C4
RESUMEN PARA PDF!G14,RESUMEN PARA PDF!E6,='CALCULO DE BOMBA'!E6
RESUMEN PARA PDF!G14,CALCULO DE BOMBA!E6,='CALCULO DE BOMBA'!E6
RESUMEN PARA PDF!D15,RESUMEN PARA PDF!B15,=B15*3.785
RESUMEN PARA PDF!B16,RESUMEN PARA PDF!B15,=B13+B15
RESUMEN PARA PDF!B16,RESUMEN PARA PDF!B13,=B13+B15
RESUMEN PARA PDF!D16,RESUMEN PARA PDF!B16,=B16*3.785
RESUMEN PARA PDF!G16,RESUMEN PARA PDF!E11,='CALCULO DE BOMBA'!E11
RESUMEN PARA PDF!G16,CALCULO DE BOMBA!E11,='CALCULO DE BOMBA'!E11
RESUMEN PARA PDF!B19,CALCULO DE BOMBA!C9,='CALCULO DE BOMBA'!C9
RESUMEN PARA PDF!B19,RESUMEN PARA PDF!C9,='CALCULO DE BOMBA'!C9
RESUMEN PARA PDF!D19,RESUMEN PARA PDF!B19,=B19/3.28
RESUMEN PARA PDF!B20,RESUMEN PARA PDF!C20,='CALCULO DE BOMBA'!C20
RESUMEN PARA PDF!B20,CALCULO DE BOMBA!C20,='CALCULO DE BOMBA'!C20
RESUMEN PARA PDF!D20,RESUMEN PARA PDF!B20,=B20/3.28
RESUMEN PARA PDF!B21,RESUMEN PARA PDF!B20,=B20-B19
RESUMEN PARA PDF!B21,RESUMEN PARA PDF!B19,=B20-B19
RESUMEN PARA PDF!D21,RESUMEN PARA PDF!B21,=B21/3.28
RESUMEN PARA PDF!C23,RESUMEN PARA PDF!C14,='CALCULO DE BOMBA'!C14
RESUMEN PARA PDF!C23,CALCULO DE BOMBA!C14,='CALCULO DE BOMBA'!C14
RESUMEN PARA PDF!C24,RESUMEN PARA PDF!C11,='CALCULO DE BOMBA'!C11
RESUMEN PARA PDF!C24,CALCULO DE BOMBA!C11,='CALCULO DE BOMBA'!C11
RESUMEN PARA PDF!G24,CALCULO DE BOMBA!E10,='CALCULO DE BOMBA'!E10
RESUMEN PARA PDF!G24,RESUMEN PARA PDF!E10,='CALCULO DE BOMBA'!E10
RESUMEN PARA PDF!C25,RESUMEN PARA PDF!F19,=RAMALES!F19
RESUMEN PARA PDF!C25,RAMALES!F19,=RAMALES!F19
RESUMEN PARA PDF!G25,CALCULO DE BOMBA!E14,='CALCULO DE BOMBA'!E14
RESUMEN PARA PDF!G25,RESUMEN PARA PDF!E14,='CALCULO DE BOMBA'!E14
RESUMEN PARA PDF!C26,RESUMEN PARA PDF!I41,='TABLA DE ACCESORIOS DESCARGA'!I41
RESUMEN PARA PDF!C26,TABLA DE ACCESORIOS DESCARGA!I41,='TABLA DE ACCESORIOS DESCARGA'!I41
RESUMEN PARA PDF!B28,RESUMEN PARA PDF!C26,=(B21+C23+C24+C25+C26)*1
RESUMEN PARA PDF!B28,RESUMEN PARA PDF!C23,=(B21+C23+C24+C25+C26)*1
RESUMEN PARA PDF!B28,RESUMEN PARA PDF!C25,=(B21+C23+C24+C25+C26)*1
RESUMEN PARA PDF!B28,RESUMEN PARA PDF!C24,=(B21+C23+C24+C25+C26)*1
RESUMEN PARA PDF!B28,RESUMEN PARA PDF!B21,=(B21+C23+C24+C25+C26)*1
RESUMEN PARA PDF!D28,RESUMEN PARA PDF!B28,=B28/2.31
RESUMEN PARA PDF!G28,RESUMEN PARA PDF!C22,='CALCULO DE BOMBA'!C22
RESUMEN PARA PDF!G28,CALCULO DE BOMBA!C22,='CALCULO DE BOMBA'!C22
RESUMEN PARA PDF!G29,CALCULO DE BOMBA!E21,='CALCULO DE BOMBA'!E21
RESUMEN PARA PDF!G29,RESUMEN PARA PDF!E21,='CALCULO DE BOMBA'!E21
RESUMEN PARA PDF!B32,RESUMEN PARA PDF!B14,=B14
RESUMEN PARA PDF!D32,RESUMEN PARA PDF!G14,=G14
RESUMEN PARA PDF!F32,RESUMEN PARA PDF!G81,=G81
RESUMEN PARA PDF!B33,RESUMEN PARA PDF!B13,=B13
RESUMEN PARA PDF!D33,RESUMEN PARA PDF!E11,='CALCULO DE BOMBA'!E11
RESUMEN PARA PDF!D33,CALCULO DE BOMBA!E11,='CALCULO DE BOMBA'!E11
RESUMEN PARA PDF!B34,RESUMEN PARA PDF!B28,=B28
RESUMEN PARA PDF!F34,RESUMEN PARA PDF!E37,=E37
RESUMEN PARA PDF!B35,RESUMEN PARA PDF!G29,=G29
RESUMEN PARA PDF!D35,RESUMEN PARA PDF!G37,=G37
RESUMEN PARA PDF!B36,RESUMEN PARA PDF!G80,=G80
RESUMEN PARA PDF!D36,RESUMEN PARA PDF!G25,=G25
RESUMEN PARA PDF!A37,RESUMEN PARA PDF!A46,=A46
RESUMEN PARA PDF!B37,RESUMEN PARA PDF!B46,=B46
RESUMEN PARA PDF!C37,RESUMEN PARA PDF!C46,=C46
RESUMEN PARA PDF!E37,RESUMEN PARA PDF!H20,='005PU001'!H20
RESUMEN PARA PDF!E37,005PU001!H20,='005PU001'!H20
RESUMEN PARA PDF!G37,RESUMEN PARA PDF!H19,='005PU001'!H19
RESUMEN PARA PDF!G37,005PU001!H19,='005PU001'!H19
RESUMEN PARA PDF!C46,005PU001!D19,='005PU001'!D19
RESUMEN PARA PDF!C46,RESUMEN PARA PDF!D19,='005PU001'!D19
RESUMEN PARA PDF!D46,005PU001!D21,='005PU001'!D21
RESUMEN PARA PDF!D46,RESUMEN PARA PDF!D21,='005PU001'!D21
RESUMEN PARA PDF!E46,005PU001!D25,='005PU001'!D25
RESUMEN PARA PDF!E46,RESUMEN PARA PDF!D25,='005PU001'!D25
RESUMEN PARA PDF!F46,RESUMEN PARA PDF!F32,=F32
RESUMEN PARA PDF!G46,RESUMEN PARA PDF!H19,='005PU001'!H19
RESUMEN PARA PDF!G46,005PU001!H19,='005PU001'!H19
RESUMEN PARA PDF!H46,RESUMEN PARA PDF!H20,='005PU001'!H20
RESUMEN PARA PDF!H46,005PU001!H20,='005PU001'!H20
RESUMEN PARA PDF!B50,RESUMEN PARA PDF!D5,=RAMALES!D5
RESUMEN PARA PDF!B50,RAMALES!D5,=RAMALES!D5
RESUMEN PARA PDF!B51,RAMALES!D6,=RAMALES!D6
RESUMEN PARA PDF!B51,RESUMEN PARA PDF!D6,=RAMALES!D6
RESUMEN PARA PDF!B52,RESUMEN PARA PDF!D7,=RAMALES!D7
RESUMEN PARA PDF!B52,RAMALES!D7,=RAMALES!D7
RESUMEN PARA PDF!B53,RESUMEN PARA PDF!D8,=RAMALES!D8
RESUMEN PARA PDF!B53,RAMALES!D8,=RAMALES!D8
RESUMEN PARA PDF!B54,RAMALES!D9,=RAMALES!D9
RESUMEN PARA PDF!B54,RESUMEN PARA PDF!D9,=RAMALES!D9
RESUMEN PARA PDF!B55,RESUMEN PARA PDF!D10,=RAMALES!D10
RESUMEN PARA PDF!B55,RAMALES!D10,=RAMALES!D10
RESUMEN PARA PDF!B56,RAMALES!D11,=RAMALES!D11
RESUMEN PARA PDF!B56,RESUMEN PARA PDF!D11,=RAMALES!D11
RESUMEN PARA PDF!B57,RAMALES!D12,=RAMALES!D12
RESUMEN PARA PDF!B57,RESUMEN PARA PDF!D12,=RAMALES!D12
RESUMEN PARA PDF!B58,RESUMEN PARA PDF!D13,=RAMALES!D13
RESUMEN PARA PDF!B58,RAMALES!D13,=RAMALES!D13
RESUMEN PARA PDF!G77,RESUMEN PARA PDF!B16,=B16
RESUMEN PARA PDF!G78,RESUMEN PARA PDF!B28,=B28
RESUMEN PARA PDF!G81,RESUMEN PARA PDF!G28,=G28
RESUMEN PARA PDF!G82,RESUMEN PARA PDF!E37,=E37
VELOCIDADES RECOMENDADAS!AB5,VELOCIDADES RECOMENDADAS!AA5,=(AA5*3.2808)/1.422
VELOCIDADES RECOMENDADAS!AB6,VELOCIDADES RECOMENDADAS!AA6,=(AA6*3.2808)/1.422
VELOCIDADES RECOMENDADAS!AB7,VELOCIDADES RECOMENDADAS!AA7,=(AA7*3.2808)/1.422
VELOCIDADES RECOMENDADAS!AB8,VELOCIDADES RECOMENDADAS!AA8,=(AA8*3.2808)/1.422
VELOCIDADES RECOMENDADAS!AB9,VELOCIDADES RECOMENDADAS!AA9,=(AA9*3.2808)/1.422
VELOCIDADES RECOMENDADAS!AB10,VELOCIDADES RECOMENDADAS!AA10,=(AA10*3.2808)/1.422
VELOCIDADES RECOMENDADAS!AB11,VELOCIDADES RECOMENDADAS!AA11,=(AA11*3.2808)/1.422
VELOCIDADES RECOMENDADAS!AB12,VELOCIDADES RECOMENDADAS!AA12,=(AA12*3.2808)/1.422
VELOCIDADES RECOMENDADAS!AB13,VELOCIDADES RECOMENDADAS!AA13,=(AA13*3.2808)/1.422
VELOCIDADES RECOMENDADAS!AB14,VELOCIDADES RECOMENDADAS!AA14,=(AA14*3.2808)/1.422
VELOCIDADES RECOMENDADAS!AB15,VELOCIDADES RECOMENDADAS!AA15,=(AA15*3.2808)/1.422
VELOCIDADES RECOMENDADAS!AB16,VELOCIDADES RECOMENDADAS!AA16,=(AA16*3.2808)/1.422
VELOCIDADES RECOMENDADAS!AB17,VELOCIDADES RECOMENDADAS!AA17,=(AA17*3.2808)/1.422
VELOCIDADES RECOMENDADAS!AB18,VELOCIDADES RECOMENDADAS!AA18,=(AA18*3.2808)/1.422
VELOCIDADES RECOMENDADAS!AB19,VELOCIDADES RECOMENDADAS!AA19,=(AA19*3.2808)/1.422
VELOCIDADES RECOMENDADAS!AB20,VELOCIDADES RECOMENDADAS!AA20,=(AA20*3.2808)/1.422
VELOCIDADES RECOMENDADAS!AB21,VELOCIDADES RECOMENDADAS!AA21,=(AA21*3.2808)/1.422
VELOCIDADES RECOMENDADAS!AB22,VELOCIDADES RECOMENDADAS!AA22,=(AA22*3.2808)/1.422
VELOCIDADES RECOMENDADAS!AB23,VELOCIDADES RECOMENDADAS!AA23,=(AA23*3.2808)/1.422
VELOCIDADES RECOMENDADAS!V27,VELOCIDADES RECOMENDADAS!C11,=(2.3071*'CALCULO DE BOMBA'!C8)-('CALCULO DE BOMBA'!E9+'CALCULO DE BOMBA'!C9+'CALCULO DE BOMBA'!C11)
VELOCIDADES RECOMENDADAS!V27,VELOCIDADES RECOMENDADAS!C8,=(2.3071*'CALCULO DE BOMBA'!C8)-('CALCULO DE BOMBA'!E9+'CALCULO DE BOMBA'!C9+'CALCULO DE BOMBA'!C11)
VELOCIDADES RECOMENDADAS!V27,CALCULO DE BOMBA!E9,=(2.3071*'CALCULO DE BOMBA'!C8)-('CALCULO DE BOMBA'!E9+'CALCULO DE BOMBA'!C9+'CALCULO DE BOMBA'!C11)
VELOCIDADES RECOMENDADAS!V27,CALCULO DE BOMBA!C9,=(2.3071*'CALCULO DE BOMBA'!C8)-('CALCULO DE BOMBA'!E9+'CALCULO DE BOMBA'!C9+'CALCULO DE BOMBA'!C11)
VELOCIDADES RECOMENDADAS!V27,CALCULO DE BOMBA!C8,=(2.3071*'CALCULO DE BOMBA'!C8)-('CALCULO DE BOMBA'!E9+'CALCULO DE BOMBA'!C9+'CALCULO DE BOMBA'!C11)
VELOCIDADES RECOMENDADAS!V27,VELOCIDADES RECOMENDADAS!C9,=(2.3071*'CALCULO DE BOMBA'!C8)-('CALCULO DE BOMBA'!E9+'CALCULO DE BOMBA'!C9+'CALCULO DE BOMBA'!C11)
VELOCIDADES RECOMENDADAS!V27,CALCULO DE BOMBA!C11,=(2.3071*'CALCULO DE BOMBA'!C8)-('CALCULO DE BOMBA'!E9+'CALCULO DE BOMBA'!C9+'CALCULO DE BOMBA'!C11)
VELOCIDADES RECOMENDADAS!V27,VELOCIDADES RECOMENDADAS!E9,=(2.3071*'CALCULO DE BOMBA'!C8)-('CALCULO DE BOMBA'!E9+'CALCULO DE BOMBA'!C9+'CALCULO DE BOMBA'!C11)
VELOCIDADES RECOMENDADAS!V28,VELOCIDADES RECOMENDADAS!C11,=(2.3071*'CALCULO DE BOMBA'!E8)-('CALCULO DE BOMBA'!E9+'CALCULO DE BOMBA'!C9+'CALCULO DE BOMBA'!C11)
VELOCIDADES RECOMENDADAS!V28,CALCULO DE BOMBA!E9,=(2.3071*'CALCULO DE BOMBA'!E8)-('CALCULO DE BOMBA'!E9+'CALCULO DE BOMBA'!C9+'CALCULO DE BOMBA'!C11)
VELOCIDADES RECOMENDADAS!V28,CALCULO DE BOMBA!E8,=(2.3071*'CALCULO DE BOMBA'!E8)-('CALCULO DE BOMBA'!E9+'CALCULO DE BOMBA'!C9+'CALCULO DE BOMBA'!C11)
VELOCIDADES RECOMENDADAS!V28,CALCULO DE BOMBA!C9,=(2.3071*'CALCULO DE BOMBA'!E8)-('CALCULO DE BOMBA'!E9+'CALCULO DE BOMBA'!C9+'CALCULO DE BOMBA'!C11)
VELOCIDADES RECOMENDADAS!V28,VELOCIDADES RECOMENDADAS!C9,=(2.3071*'CALCULO DE BOMBA'!E8)-('CALCULO DE BOMBA'!E9+'CALCULO DE BOMBA'!C9+'CALCULO DE BOMBA'!C11)
VELOCIDADES RECOMENDADAS!V28,VELOCIDADES RECOMENDADAS!E8,=(2.3071*'CALCULO DE BOMBA'!E8)-('CALCULO DE BOMBA'!E9+'CALCULO DE BOMBA'!C9+'CALCULO DE BOMBA'!C11)
VELOCIDADES RECOMENDADAS!V28,CALCULO DE BOMBA!C11,=(2.3071*'CALCULO DE BOMBA'!E8)-('CALCULO DE BOMBA'!E9+'CALCULO DE BOMBA'!C9+'CALCULO DE BOMBA'!C11)
VELOCIDADES RECOMENDADAS!V28,VELOCIDADES RECOMENDADAS!E9,=(2.3071*'CALCULO DE BOMBA'!E8)-('CALCULO DE BOMBA'!E9+'CALCULO DE BOMBA'!C9+'CALCULO DE BOMBA'!C11)
VELOCIDADES RECOMENDADAS!V29,VELOCIDADES RECOMENDADAS!C11,=(2.3071*'CALCULO DE BOMBA'!C8)+'CALCULO DE BOMBA'!C9-('CALCULO DE BOMBA'!E9+'CALCULO DE BOMBA'!C11)
VELOCIDADES RECOMENDADAS!V29,VELOCIDADES RECOMENDADAS!C8,=(2.3071*'CALCULO DE BOMBA'!C8)+'CALCULO DE BOMBA'!C9-('CALCULO DE BOMBA'!E9+'CALCULO DE BOMBA'!C11)
VELOCIDADES RECOMENDADAS!V29,CALCULO DE BOMBA!E9,=(2.3071*'CALCULO DE BOMBA'!C8)+'CALCULO DE BOMBA'!C9-('CALCULO DE BOMBA'!E9+'CALCULO DE BOMBA'!C11)
VELOCIDADES RECOMENDADAS!V29,CALCULO DE BOMBA!C9,=(2.3071*'CALCULO DE BOMBA'!C8)+'CALCULO DE BOMBA'!C9-('CALCULO DE BOMBA'!E9+'CALCULO DE BOMBA'!C11)
VELOCIDADES RECOMENDADAS!V29,CALCULO DE BOMBA!C8,=(2.3071*'CALCULO DE BOMBA'!C8)+'CALCULO DE BOMBA'!C9-('CALCULO DE BOMBA'!E9+'CALCULO DE BOMBA'!C11)
VELOCIDADES RECOMENDADAS!V29,VELOCIDADES RECOMENDADAS!C9,=(2.3071*'CALCULO DE BOMBA'!C8)+'CALCULO DE BOMBA'!C9-('CALCULO DE BOMBA'!E9+'CALCULO DE BOMBA'!C11)
VELOCIDADES RECOMENDADAS!V29,CALCULO DE BOMBA!C11,=(2.3071*'CALCULO DE BOMBA'!C8)+'CALCULO DE BOMBA'!C9-('CALCULO DE BOMBA'!E9+'CALCULO DE BOMBA'!C11)
VELOCIDADES RECOMENDADAS!V29,VELOCIDADES RECOMENDADAS!E9,=(2.3071*'CALCULO DE BOMBA'!C8)+'CALCULO DE BOMBA'!C9-('CALCULO DE BOMBA'!E9+'CALCULO DE BOMBA'!C11)
VELOCIDADES RECOMENDADAS!V30,VELOCIDADES RECOMENDADAS!C11,=(2.3071*'CALCULO DE BOMBA'!E8)+'CALCULO DE BOMBA'!C9-('CALCULO DE BOMBA'!E9+'CALCULO DE BOMBA'!C11)
VELOCIDADES RECOMENDADAS!V30,CALCULO DE BOMBA!E9,=(2.3071*'CALCULO DE BOMBA'!E8)+'CALCULO DE BOMBA'!C9-('CALCULO DE BOMBA'!E9+'CALCULO DE BOMBA'!C11)
VELOCIDADES RECOMENDADAS!V30,CALCULO DE BOMBA!E8,=(2.3071*'CALCULO DE BOMBA'!E8)+'CALCULO DE BOMBA'!C9-('CALCULO DE BOMBA'!E9+'CALCULO DE BOMBA'!C11)
VELOCIDADES RECOMENDADAS!V30,CALCULO DE BOMBA!C9,=(2.3071*'CALCULO DE BOMBA'!E8)+'CALCULO DE BOMBA'!C9-('CALCULO DE BOMBA'!E9+'CALCULO DE BOMBA'!C11)
VELOCIDADES RECOMENDADAS!V30,VELOCIDADES RECOMENDADAS!C9,=(2.3071*'CALCULO DE BOMBA'!E8)+'CALCULO DE BOMBA'!C9-('CALCULO DE BOMBA'!E9+'CALCULO DE BOMBA'!C11)
VELOCIDADES RECOMENDADAS!V30,VELOCIDADES RECOMENDADAS!E8,=(2.3071*'CALCULO DE BOMBA'!E8)+'CALCULO DE BOMBA'!C9-('CALCULO DE BOMBA'!E9+'CALCULO DE BOMBA'!C11)
VELOCIDADES RECOMENDADAS!V30,CALCULO DE BOMBA!C11,=(2.3071*'CALCULO DE BOMBA'!E8)+'CALCULO DE BOMBA'!C9-('CALCULO DE BOMBA'!E9+'CALCULO DE BOMBA'!C11)
VELOCIDADES RECOMENDADAS!V30,VELOCIDADES RECOMENDADAS!E9,=(2.3071*'CALCULO DE BOMBA'!E8)+'CALCULO DE BOMBA'!C9-('CALCULO DE BOMBA'!E9+'CALCULO DE BOMBA'!C11)
REPORTE GENERAL!H14,CAIDA PRESION DE TUBERIA!F30,"=VLOOKUP('CAIDA PRESION DE TUBERIA'!F30,OUTPIPES,2,FALSE)"
REPORTE GENERAL!H14,REPORTE GENERAL!F30,"=VLOOKUP('CAIDA PRESION DE TUBERIA'!F30,OUTPIPES,2,FALSE)"
REPORTE GENERAL!I14,CAIDA PRESION DE TUBERIA!G30,"=VLOOKUP('CAIDA PRESION DE TUBERIA'!G30,OUTPIPES,2,FALSE)"
REPORTE GENERAL!I14,REPORTE GENERAL!G30,"=VLOOKUP('CAIDA PRESION DE TUBERIA'!G30,OUTPIPES,2,FALSE)"
REPORTE GENERAL!C15,REPORTE GENERAL!A31,"=VLOOKUP('CAIDA PRESION DE TUBERIA'!A31,OUTPIPES,2,FALSE)"
REPORTE GENERAL!C15,CAIDA PRESION DE TUBERIA!A31,"=VLOOKUP('CAIDA PRESION DE TUBERIA'!A31,OUTPIPES,2,FALSE)"
REPORTE GENERAL!D15,CAIDA PRESION DE TUBERIA!B31,"=VLOOKUP('CAIDA PRESION DE TUBERIA'!B31,OUTPIPES,2,FALSE)"
REPORTE GENERAL!D15,REPORTE GENERAL!B31,"=VLOOKUP('CAIDA PRESION DE TUBERIA'!B31,OUTPIPES,2,FALSE)"
REPORTE GENERAL!C16,REPORTE GENERAL!C14,=C14*0.05
REPORTE GENERAL!C17,REPORTE GENERAL!C16,=C14+C16
REPORTE GENERAL!C17,REPORTE GENERAL!C14,=C14+C16
REPORTE GENERAL!C21,REPORTE GENERAL!C11,=C20-C11
REPORTE GENERAL!C21,REPORTE GENERAL!C20,=C20-C11
REPORTE GENERAL!D21,REPORTE GENERAL!D11,=D20-D11
REPORTE GENERAL!D21,REPORTE GENERAL!D20,=D20-D11
REPORTE GENERAL!C22,REPORTE GENERAL!C21,=C21-C20
REPORTE GENERAL!C22,REPORTE GENERAL!C20,=C21-C20
REPORTE GENERAL!C24,REPORTE GENERAL!E15,=(RAMALES!E15)
REPORTE GENERAL!C24,RAMALES!E15,=(RAMALES!E15)
REPORTE GENERAL!H28,CALCULO DE BOMBA!E10,='CALCULO DE BOMBA'!E10
REPORTE GENERAL!H28,REPORTE GENERAL!E10,='CALCULO DE BOMBA'!E10
REPORTE GENERAL!C29,REPORTE GENERAL!C24,=C24+C25+C26+C27+C28
REPORTE GENERAL!C29,REPORTE GENERAL!C27,=C24+C25+C26+C27+C28
REPORTE GENERAL!C29,REPORTE GENERAL!C28,=C24+C25+C26+C27+C28
REPORTE GENERAL!C29,REPORTE GENERAL!C26,=C24+C25+C26+C27+C28
REPORTE GENERAL!C29,REPORTE GENERAL!C25,=C24+C25+C26+C27+C28
REPORTE GENERAL!H29,CALCULO DE BOMBA!E14,='CALCULO DE BOMBA'!E14
REPORTE GENERAL!H29,REPORTE GENERAL!E14,='CALCULO DE BOMBA'!E14
REPORTE GENERAL!C30,REPORTE GENERAL!C29,=C22+C29
REPORTE GENERAL!C30,REPORTE GENERAL!C22,=C22+C29
