sheet,cell,formula_a1,formula_r1c1,cached_value,number_format,data_type,named_ranges_used,sheet_references,numeric_constants,functions_used,possible_meaning,input_units,output_units,confidence
CAIDA PRESION DE TUBERIA,V5,=G5,,FORMULA,General,f,,,,,,,,
CAIDA PRESION DE TUBERIA,G8,=G7*(G5/G6)^0.5,,FORMULA,0.0,f,,,0.5,,,,,
CAIDA PRESION DE TUBERIA,V8,=V7*(V5/V6)^0.5,,FORMULA,0.0,f,,,0.5,,,,,
CAIDA PRESION DE TUBERIA,G9,"=VLOOKUP(A20,OUTPIPES,6,FALSE)",,FORMULA,General,f,OUTPIPE; OUTPIPES,,6.0,VLOOKUP,,,,
CAIDA PRESION DE TUBERIA,V9,"=VLOOKUP(B20,INPIPE,6,FALSE)",,FORMULA,General,f,INPIPE,,6.0,VLOOKUP,,,,
CAIDA PRESION DE TUBERIA,G10,"=VLOOKUP(A20,OUTPIPES,7,FALSE)",,FORMULA,General,f,OUTPIPE; OUTPIPES,,7.0,VLOOKUP,,,,
CAIDA PRESION DE TUBERIA,V10,"=VLOOKUP(B20,INPIPE,7,FALSE)",,FORMULA,General,f,INPIPE,,7.0,VLOOKUP,,,,
CAIDA PRESION DE TUBERIA,G11,=50.6*G5*G9/(G8*G10),,FORMULA,"#,##0.00",f,,,50.6,,,,,
CAIDA PRESION DE TUBERIA,V11,=50.6*V5*V9/(V8*V10),,FORMULA,"#,##0.00",f,,,50.6,,,,,
CAIDA PRESION DE TUBERIA,G14,"=VLOOKUP(A21,RUGOSIDAD,3)",,FORMULA,0.00000,f,RUGOSIDAD,,3.0,VLOOKUP,,,,
CAIDA PRESION DE TUBERIA,V14,"=VLOOKUP(B21,RUGOSIDAD,3)",,FORMULA,0.00000,f,RUGOSIDAD,,3.0,VLOOKUP,,,,
CAIDA PRESION DE TUBERIA,G15,=G14/(G12/12),,FORMULA,0.00000,f,,,4.0; 2.0; 12.0,,,,,
CAIDA PRESION DE TUBERIA,V15,=V14/(V12/12),,FORMULA,0.00000,f,,,4.0; 2.0; 12.0,,,,,
CAIDA PRESION DE TUBERIA,G16,"=VLOOKUP(A20,OUTPIPES,8,FALSE)",,FORMULA,0.00000,f,OUTPIPE; OUTPIPES,,8.0,VLOOKUP,,,,
CAIDA PRESION DE TUBERIA,V16,= 64/V11,,FORMULA,0.00000,f,,,64.0,,,,,
CAIDA PRESION DE TUBERIA,G19,=(((G17*G16*G9*(G5^2))/(G8^5))*2.3071)*G18,,FORMULA,0.0000000,f,,,7.0; 6.0; 2.0; 5.0; 2.3071; 8.0,,,,,
CAIDA PRESION DE TUBERIA,V19,=(((V17*V16*V9*(V5^2))/(V8^5))*2.3071)*V18,,FORMULA,0.0000000,f,,,7.0; 6.0; 2.0; 5.0; 2.3071; 8.0,,,,,
CALCULO DE BOMBA,C4,"=VLOOKUP('CAIDA PRESION DE TUBERIA'!A20,OUTPIPES,2,FALSE)",,FORMULA,General,f,OUTPIPE; OUTPIPES,CAIDA PRESION DE TUBERIA,2.0,VLOOKUP,,,,
CALCULO DE BOMBA,E4,='CAIDA PRESION DE TUBERIA'!G5,,FORMULA,0.00,f,,CAIDA PRESION DE TUBERIA,,,,,,
CALCULO DE BOMBA,E5,='CAIDA PRESION DE TUBERIA'!G9,,FORMULA,General,f,,CAIDA PRESION DE TUBERIA,,,,,,
CALCULO DE BOMBA,E6,='CAIDA PRESION DE TUBERIA'!G10,,FORMULA,General,f,,CAIDA PRESION DE TUBERIA,,,,,,
CALCULO DE BOMBA,C8,=14.7,,FORMULA,0.00,f,,,14.7,,,,,
CALCULO DE BOMBA,C9,=500/304.8,,FORMULA,0.00,f,,,500.0; 304.8,,,,,
CALCULO DE BOMBA,E9,"=VLOOKUP(A32,presionvapor,4,FALSE)",,FORMULA,0.00,f,presionvapor,,2.0; 4.0,VLOOKUP,,,,
CALCULO DE BOMBA,C11,='TABLA DE ACCESORIOS SUCCION'!I40,,FORMULA,0.0000,f,SUCCION,TABLA DE ACCESORIOS SUCCION,,,,,,
CALCULO DE BOMBA,E11,"=VLOOKUP(A32,gravedadespecifica,5,FALSE)",,FORMULA,0.00,f,gravedadespecifica,,2.0; 5.0,VLOOKUP,,,,
CALCULO DE BOMBA,C12,=2.12*3.281,,FORMULA,0.00,f,,,2.12; 3.281,,,,,
CALCULO DE BOMBA,C13,='CAIDA PRESION DE TUBERIA'!V19,,FORMULA,0.00000,f,,CAIDA PRESION DE TUBERIA,9.0,,,,,
CALCULO DE BOMBA,C14,=C12*C13,,FORMULA,0.0000,f,,,2.0; 3.0,,,,,
CALCULO DE BOMBA,E14,=((C8+E8)*(2.31/E11))+C9-C11-C14-E9,,FORMULA,0.00,f,,,2.31; 4.0,,,,,
CALCULO DE BOMBA,E20,=(E4*C28*E11)/3960,,FORMULA,0.00,f,,,8.0; 3960.0,,,,,
CALCULO DE BOMBA,C21,=C20-C9,,FORMULA,0.00,f,,,,,,,,
CALCULO DE BOMBA,E21,=E20/C22,,FORMULA,0.00,f,,,2.0,,,,,
CALCULO DE BOMBA,E22,=E21*0.7456,,FORMULA,0.00,f,,,0.7456,,,,,
CALCULO DE BOMBA,E23,=(E21*5252)/1700,,FORMULA,0.00,f,,,5252.0; 1700.0,,,,,
CALCULO DE BOMBA,C24,='TABLA DE ACCESORIOS DESCARGA'!I41,,FORMULA,0.000,f,DESCARGA,TABLA DE ACCESORIOS DESCARGA,,,,,,
CALCULO DE BOMBA,E24,=C28*0.3048,,FORMULA,0.00,f,,,8.0; 0.3048,,,,,
CALCULO DE BOMBA,C25,=RAMALES!F18,,FORMULA,0.00,f,,,8.0,,,,,
CALCULO DE BOMBA,E25,=E4*3.7854,,FORMULA,0.00,f,,,3.7854,,,,,
CALCULO DE BOMBA,C26,=RAMALES!F19,,FORMULA,0.00,f,,,9.0,,,,,
CALCULO DE BOMBA,E27,=(C29*(E4^0.5))/(E24^0.75),,FORMULA,0.00,f,,,9.0; 0.5; 4.0; 0.75,,,,,
CALCULO DE BOMBA,C28,=C11+C14+C21+C24+C26,,FORMULA,0.00,f,,,4.0; 4.0; 6.0,,,,,
CALCULO DE BOMBA,E29,"=VLOOKUP(A34,TIPOIMPULSOR,3,FALSE)",,FORMULA,0.00,f,TIPOIMPULSOR,,4.0; 3.0,VLOOKUP,,,,
TABLA DE ACCESORIOS DESCARGA,D7,"=VLOOKUP(K3,FRICCION,3,FALSE)",,FORMULA,0.000,f,FRICCION,,3.0,VLOOKUP,,,,
TABLA DE ACCESORIOS DESCARGA,G7,"=VLOOKUP(K3,DIAMETRO,4,FALSE)",,FORMULA,0.00,f,DIAMETRO,,4.0,VLOOKUP,,,,
TABLA DE ACCESORIOS DESCARGA,I7,=((D7*F7)*($H$2^2)/(32.4*2))*H7,,FORMULA,0.000,f,,,2.0; 2.0; 32.4; 2.0,,,,,
TABLA DE ACCESORIOS DESCARGA,D8,"=VLOOKUP(K4,FRICCION,3,FALSE)",,FORMULA,0.000,f,FRICCION,,3.0,VLOOKUP,,,,
TABLA DE ACCESORIOS DESCARGA,G8,"=VLOOKUP($K$4,DIAMETRO,4,FALSE)",,FORMULA,0.00,f,DIAMETRO,,4.0; 4.0,VLOOKUP,,,,
TABLA DE ACCESORIOS DESCARGA,I8,=((D8*F8)*($H$2^2)/(32.4*2))*H8,,FORMULA,0.000,f,,,2.0; 2.0; 32.4; 2.0,,,,,
TABLA DE ACCESORIOS DESCARGA,D9,"=VLOOKUP(K5,FRICCION,3,FALSE)",,FORMULA,0.000,f,FRICCION,,3.0,VLOOKUP,,,,
TABLA DE ACCESORIOS DESCARGA,G9,"=VLOOKUP(K5,DIAMETRO,4,FALSE)",,FORMULA,0.00,f,DIAMETRO,,4.0,VLOOKUP,,,,
TABLA DE ACCESORIOS DESCARGA,I9,=((D9*F9)*($H$2^2)/(32.4*2))*H9,,FORMULA,0.000,f,,,2.0; 2.0; 32.4; 2.0,,,,,
TABLA DE ACCESORIOS DESCARGA,D10,"=VLOOKUP(K6,FRICCION,3,FALSE)",,FORMULA,0.000,f,FRICCION,,3.0,VLOOKUP,,,,
TABLA DE ACCESORIOS DESCARGA,G10,"=VLOOKUP(K6,DIAMETRO,4,FALSE)",,FORMULA,0.00,f,DIAMETRO,,4.0,VLOOKUP,,,,
TABLA DE ACCESORIOS DESCARGA,I10,=((D10*F10)*($H$2^2)/(32.4*2))*H10,,FORMULA,0.000,f,,,2.0; 2.0; 32.4; 2.0,,,,,
TABLA DE ACCESORIOS DESCARGA,D11,"=VLOOKUP(K7,FRICCION,3,FALSE)",,FORMULA,0.000,f,FRICCION,,3.0,VLOOKUP,,,,
TABLA DE ACCESORIOS DESCARGA,G11,"=VLOOKUP(K7,DIAMETRO,4,FALSE)",,FORMULA,0.00,f,DIAMETRO,,4.0,VLOOKUP,,,,
TABLA DE ACCESORIOS DESCARGA,I11,=((D11*F11)*($H$2^2)/(32.4*2))*H11,,FORMULA,0.000,f,,,2.0; 2.0; 32.4; 2.0,,,,,
TABLA DE ACCESORIOS DESCARGA,D12,"=VLOOKUP(K8,FRICCION,3,FALSE)",,FORMULA,0.000,f,FRICCION,,3.0,VLOOKUP,,,,
TABLA DE ACCESORIOS DESCARGA,G12,"=VLOOKUP(K8,DIAMETRO,4,FALSE)",,FORMULA,0.00,f,DIAMETRO,,4.0,VLOOKUP,,,,
TABLA DE ACCESORIOS DESCARGA,I12,=((D12*F12)*($H$2^2)/(32.4*2))*H12,,FORMULA,0.000,f,,,2.0; 2.0; 2.0; 2.0; 32.4; 2.0; 2.0,,,,,
TABLA DE ACCESORIOS DESCARGA,D13,"=VLOOKUP(K9,FRICCION,3,FALSE)",,FORMULA,0.000,f,FRICCION,,3.0,VLOOKUP,,,,
TABLA DE ACCESORIOS DESCARGA,G13,"=VLOOKUP(K9,DIAMETRO,4,FALSE)",,FORMULA,0.00,f,DIAMETRO,,4.0,VLOOKUP,,,,
TABLA DE ACCESORIOS DESCARGA,I13,=((D13*F13)*($H$2^2)/(32.4*2))*H13,,FORMULA,0.000,f,,,3.0; 3.0; 2.0; 2.0; 32.4; 2.0; 3.0,,,,,
TABLA DE ACCESORIOS DESCARGA,D14,"=VLOOKUP(K10,FRICCION,3,FALSE)",,FORMULA,0.000,f,FRICCION,,3.0,VLOOKUP,,,,
TABLA DE ACCESORIOS DESCARGA,G14,"=VLOOKUP(K10,DIAMETRO,4,FALSE)",,FORMULA,0.00,f,DIAMETRO,,4.0,VLOOKUP,,,,
TABLA DE ACCESORIOS DESCARGA,I14,=((D14*F14)*($H$2^2)/(32.4*2))*H14,,FORMULA,0.000,f,,,4.0; 4.0; 2.0; 2.0; 32.4; 2.0; 4.0,,,,,
TABLA DE ACCESORIOS DESCARGA,D15,"=VLOOKUP(K11,FRICCION,3,FALSE)",,FORMULA,0.000,f,FRICCION,,3.0,VLOOKUP,,,,
TABLA DE ACCESORIOS DESCARGA,G15,"=VLOOKUP(K11,DIAMETRO,4,FALSE)",,FORMULA,0.00,f,DIAMETRO,,4.0,VLOOKUP,,,,
TABLA DE ACCESORIOS DESCARGA,I15,=((D15*F15)*($H$2^2)/(32.4*2))*H15,,FORMULA,0.000,f,,,5.0; 5.0; 2.0; 2.0; 32.4; 2.0; 5.0,,,,,
TABLA DE ACCESORIOS DESCARGA,D16,"=VLOOKUP(K12,FRICCION,3,FALSE)",,FORMULA,0.000,f,FRICCION,,2.0; 3.0,VLOOKUP,,,,
TABLA DE ACCESORIOS DESCARGA,G16,"=VLOOKUP(K12,DIAMETRO,4,FALSE)",,FORMULA,0.00,f,DIAMETRO,,2.0; 4.0,VLOOKUP,,,,
TABLA DE ACCESORIOS DESCARGA,I16,=((D16*F16)*($H$2^2)/(32.4*2))*H16,,FORMULA,0.000,f,,,6.0; 6.0; 2.0; 2.0; 32.4; 2.0; 6.0,,,,,
TABLA DE ACCESORIOS DESCARGA,D17,"=VLOOKUP(K13,FRICCION,3,FALSE)",,FORMULA,0.000,f,FRICCION,,3.0; 3.0,VLOOKUP,,,,
TABLA DE ACCESORIOS DESCARGA,G17,"=VLOOKUP(K13,DIAMETRO,4,FALSE)",,FORMULA,0.00,f,DIAMETRO,,3.0; 4.0,VLOOKUP,,,,
TABLA DE ACCESORIOS DESCARGA,I17,=((D17*F17)*($H$2^2)/(32.4*2))*H17,,FORMULA,0.000,f,,,7.0; 7.0; 2.0; 2.0; 32.4; 2.0; 7.0,,,,,
TABLA DE ACCESORIOS DESCARGA,D18,"=VLOOKUP(K14,FRICCION,3,FALSE)",,FORMULA,0.000,f,FRICCION,,4.0; 3.0,VLOOKUP,,,,
TABLA DE ACCESORIOS DESCARGA,G18,"=VLOOKUP(K14,DIAMETRO,4,FALSE)",,FORMULA,0.00,f,DIAMETRO,,4.0; 4.0,VLOOKUP,,,,
TABLA DE ACCESORIOS DESCARGA,I18,=((D18*F18)*($H$2^2)/(32.4*2))*H18,,FORMULA,0.000,f,,,8.0; 8.0; 2.0; 2.0; 32.4; 2.0; 8.0,,,,,
TABLA DE ACCESORIOS DESCARGA,D19,"=VLOOKUP(K15,FRICCION,3,FALSE)",,FORMULA,0.000,f,FRICCION,,5.0; 3.0,VLOOKUP,,,,
TABLA DE ACCESORIOS DESCARGA,G19,"=VLOOKUP(K15,DIAMETRO,4,FALSE)",,FORMULA,0.00,f,DIAMETRO,,5.0; 4.0,VLOOKUP,,,,
TABLA DE ACCESORIOS DESCARGA,I19,=((D19*F19)*($H$2^2)/(32.4*2))*H19,,FORMULA,0.000,f,,,9.0; 9.0; 2.0; 2.0; 32.4; 2.0; 9.0,,,,,
TABLA DE ACCESORIOS DESCARGA,D20,"=VLOOKUP(K16,FRICCION,3,FALSE)",,FORMULA,0.000,f,FRICCION,,6.0; 3.0,VLOOKUP,,,,
TABLA DE ACCESORIOS DESCARGA,G20,"=VLOOKUP(K16,DIAMETRO,4,FALSE)",,FORMULA,0.00,f,DIAMETRO,,6.0; 4.0,VLOOKUP,,,,
TABLA DE ACCESORIOS DESCARGA,I20,=((D20*F20)*($H$2^2)/(32.4*2))*H20,,FORMULA,0.000,f,,,2.0; 2.0; 32.4; 2.0,,,,,
TABLA DE ACCESORIOS DESCARGA,D21,"=VLOOKUP(K17,FRICCION,3,FALSE)",,FORMULA,0.000,f,FRICCION,,7.0; 3.0,VLOOKUP,,,,
TABLA DE ACCESORIOS DESCARGA,G21,"=VLOOKUP(K17,DIAMETRO,4,FALSE)",,FORMULA,0.00,f,DIAMETRO,,7.0; 4.0,VLOOKUP,,,,
TABLA DE ACCESORIOS DESCARGA,I21,=((D21*F21)*($H$2^2)/(32.4*2))*H21,,FORMULA,0.000,f,,,2.0; 2.0; 32.4; 2.0,,,,,
TABLA DE ACCESORIOS DESCARGA,D22,"=VLOOKUP(K18,FRICCION,3,FALSE)",,FORMULA,0.000,f,FRICCION,,8.0; 3.0,VLOOKUP,,,,
TABLA DE ACCESORIOS DESCARGA,G22,"=VLOOKUP(K18,DIAMETRO,4,FALSE)",,FORMULA,0.00,f,DIAMETRO,,8.0; 4.0,VLOOKUP,,,,
TABLA DE ACCESORIOS DESCARGA,I22,=((D22*F22)*($H$2^2)/(32.4*2))*H22,,FORMULA,0.000,f,,,2.0; 2.0; 2.0; 2.0; 32.4; 2.0; 2.0,,,,,
TABLA DE ACCESORIOS DESCARGA,D23,"=VLOOKUP(K19,FRICCION,3,FALSE)",,FORMULA,0.000,f,FRICCION,,9.0; 3.0,VLOOKUP,,,,
TABLA DE ACCESORIOS DESCARGA,G23,"=VLOOKUP(K19,DIAMETRO,4,FALSE)",,FORMULA,0.00,f,DIAMETRO,,9.0; 4.0,VLOOKUP,,,,
TABLA DE ACCESORIOS DESCARGA,I23,=((D23*F23)*($H$2^2)/(32.4*2))*H23,,FORMULA,0.000,f,,,3.0; 3.0; 2.0; 2.0; 32.4; 2.0; 3.0,,,,,
TABLA DE ACCESORIOS DESCARGA,D24,"=VLOOKUP(K20,FRICCION,3,FALSE)",,FORMULA,0.000,f,FRICCION,,3.0,VLOOKUP,,,,
TABLA DE ACCESORIOS DESCARGA,G24,"=VLOOKUP(K20,DIAMETRO,4,FALSE)",,FORMULA,0.00,f,DIAMETRO,,4.0,VLOOKUP,,,,
TABLA DE ACCESORIOS DESCARGA,I24,=((D24*F24)*($H$2^2)/(32.4*2))*H24,,FORMULA,0.000,f,,,4.0; 4.0; 2.0; 2.0; 32.4; 2.0; 4.0,,,,,
TABLA DE ACCESORIOS DESCARGA,D25,"=VLOOKUP(K21,FRICCION,3,FALSE)",,FORMULA,0.000,f,FRICCION,,3.0,VLOOKUP,,,,
TABLA DE ACCESORIOS DESCARGA,G25,"=VLOOKUP(K21,DIAMETRO,4,FALSE)",,FORMULA,0.00,f,DIAMETRO,,4.0,VLOOKUP,,,,
TABLA DE ACCESORIOS DESCARGA,I25,=((D25*F25)*($H$2^2)/(32.4*2))*H25,,FORMULA,0.000,f,,,5.0; 5.0; 2.0; 2.0; 32.4; 2.0; 5.0,,,,,
TABLA DE ACCESORIOS DESCARGA,D26,"=VLOOKUP(K22,FRICCION,3,FALSE)",,FORMULA,0.000,f,FRICCION,,2.0; 3.0,VLOOKUP,,,,
TABLA DE ACCESORIOS DESCARGA,G26,"=VLOOKUP(K22,DIAMETRO,4,FALSE)",,FORMULA,0.00,f,DIAMETRO,,2.0; 4.0,VLOOKUP,,,,
TABLA DE ACCESORIOS DESCARGA,I26,=((D26*F26)*($H$2^2)/(32.4*2))*H26,,FORMULA,0.000,f,,,6.0; 6.0; 2.0; 2.0; 32.4; 2.0; 6.0,,,,,
TABLA DE ACCESORIOS DESCARGA,D27,"=VLOOKUP(K23,FRICCION,3,FALSE)",,FORMULA,0.000,f,FRICCION,,3.0; 3.0,VLOOKUP,,,,
TABLA DE ACCESORIOS DESCARGA,G27,"=VLOOKUP(K23,DIAMETRO,4,FALSE)",,FORMULA,0.00,f,DIAMETRO,,3.0; 4.0,VLOOKUP,,,,
TABLA DE ACCESORIOS DESCARGA,I27,=((D27*F27)*($H$2^2)/(32.4*2))*H27,,FORMULA,0.000,f,,,7.0; 7.0; 2.0; 2.0; 32.4; 2.0; 7.0,,,,,
TABLA DE ACCESORIOS DESCARGA,D28,"=VLOOKUP(K24,FRICCION,3,FALSE)",,FORMULA,0.000,f,FRICCION,,4.0; 3.0,VLOOKUP,,,,
TABLA DE ACCESORIOS DESCARGA,G28,"=VLOOKUP(K24,DIAMETRO,4,FALSE)",,FORMULA,0.00,f,DIAMETRO,,4.0; 4.0,VLOOKUP,,,,
TABLA DE ACCESORIOS DESCARGA,I28,=((D28*F28)*($H$2^2)/(32.4*2))*H28,,FORMULA,0.000,f,,,8.0; 8.0; 2.0; 2.0; 32.4; 2.0; 8.0,,,,,
TABLA DE ACCESORIOS DESCARGA,D29,"=VLOOKUP(K25,FRICCION,3,FALSE)",,FORMULA,0.000,f,FRICCION,,5.0; 3.0,VLOOKUP,,,,
TABLA DE ACCESORIOS DESCARGA,G29,"=VLOOKUP(K25,DIAMETRO,4,FALSE)",,FORMULA,0.00,f,DIAMETRO,,5.0; 4.0,VLOOKUP,,,,
TABLA DE ACCESORIOS DESCARGA,I29,=((D29*F29)*($H$2^2)/(32.4*2))*H29,,FORMULA,0.000,f,,,9.0; 9.0; 2.0; 2.0; 32.4; 2.0; 9.0,,,,,
TABLA DE ACCESORIOS DESCARGA,D30,"=VLOOKUP(K26,FRICCION,3,FALSE)",,FORMULA,0.000,f,FRICCION,,6.0; 3.0,VLOOKUP,,,,
TABLA DE ACCESORIOS DESCARGA,G30,"=VLOOKUP(K26,DIAMETRO,4,FALSE)",,FORMULA,0.00,f,DIAMETRO,,6.0; 4.0,VLOOKUP,,,,
TABLA DE ACCESORIOS DESCARGA,I30,=((D30*F30)*($H$2^2)/(32.4*2))*H30,,FORMULA,0.000,f,,,2.0; 2.0; 32.4; 2.0,,,,,
TABLA DE ACCESORIOS DESCARGA,D31,"=VLOOKUP(K27,FRICCION,3,FALSE)",,FORMULA,0.000,f,FRICCION,,7.0; 3.0,VLOOKUP,,,,
TABLA DE ACCESORIOS DESCARGA,G31,"=VLOOKUP(K27,DIAMETRO,4,FALSE)",,FORMULA,0.00,f,DIAMETRO,,7.0; 4.0,VLOOKUP,,,,
TABLA DE ACCESORIOS DESCARGA,I31,=((D31*F31)*($H$2^2)/(32.4*2))*H31,,FORMULA,0.000,f,,,2.0; 2.0; 32.4; 2.0,,,,,
TABLA DE ACCESORIOS DESCARGA,D32,"=VLOOKUP(K28,FRICCION,3,FALSE)",,FORMULA,0.000,f,FRICCION,,8.0; 3.0,VLOOKUP,,,,
TABLA DE ACCESORIOS DESCARGA,G32,"=VLOOKUP(K28,DIAMETRO,4,FALSE)",,FORMULA,0.00,f,DIAMETRO,,8.0; 4.0,VLOOKUP,,,,
TABLA DE ACCESORIOS DESCARGA,I32,=((D32*F32)*($H$2^2)/(32.4*2))*H32,,FORMULA,0.000,f,,,2.0; 2.0; 2.0; 2.0; 32.4; 2.0; 2.0,,,,,
TABLA DE ACCESORIOS DESCARGA,D33,"=VLOOKUP(K29,FRICCION,3,FALSE)",,FORMULA,0.000,f,FRICCION,,9.0; 3.0,VLOOKUP,,,,
TABLA DE ACCESORIOS DESCARGA,G33,"=VLOOKUP(K29,DIAMETRO,4,FALSE)",,FORMULA,0.00,f,DIAMETRO,,9.0; 4.0,VLOOKUP,,,,
TABLA DE ACCESORIOS DESCARGA,I33,=((D33*F33)*($H$2^2)/(32.4*2))*H33,,FORMULA,0.000,f,,,3.0; 3.0; 2.0; 2.0; 32.4; 2.0; 3.0,,,,,
TABLA DE ACCESORIOS DESCARGA,D34,"=VLOOKUP(K30,FRICCION,3,FALSE)",,FORMULA,0.000,f,FRICCION,,3.0,VLOOKUP,,,,
TABLA DE ACCESORIOS DESCARGA,G34,"=VLOOKUP(K30,DIAMETRO,4,FALSE)",,FORMULA,0.00,f,DIAMETRO,,4.0,VLOOKUP,,,,
TABLA DE ACCESORIOS DESCARGA,I34,=((D34*F34)*($H$2^2)/(32.4*2))*H34,,FORMULA,0.000,f,,,4.0; 4.0; 2.0; 2.0; 32.4; 2.0; 4.0,,,,,
TABLA DE ACCESORIOS DESCARGA,D35,"=VLOOKUP(K31,FRICCION,3,FALSE)",,FORMULA,0.000,f,FRICCION,,3.0,VLOOKUP,,,,
TABLA DE ACCESORIOS DESCARGA,G35,"=VLOOKUP(K31,DIAMETRO,4,FALSE)",,FORMULA,0.00,f,DIAMETRO,,4.0,VLOOKUP,,,,
TABLA DE ACCESORIOS DESCARGA,I35,=((D35*F35)*($H$2^2)/(32.4*2))*H35,,FORMULA,0.000,f,,,5.0; 5.0; 2.0; 2.0; 32.4; 2.0; 5.0,,,,,
TABLA DE ACCESORIOS DESCARGA,D36,"=VLOOKUP(K32,FRICCION,3,FALSE)",,FORMULA,0.000,f,FRICCION,,2.0; 3.0,VLOOKUP,,,,
TABLA DE ACCESORIOS DESCARGA,G36,"=VLOOKUP(K32,DIAMETRO,4,FALSE)",,FORMULA,0.00,f,DIAMETRO,,2.0; 4.0,VLOOKUP,,,,
TABLA DE ACCESORIOS DESCARGA,I36,=((D36*F36)*($H$2^2)/(32.4*2))*H36,,FORMULA,0.000,f,,,6.0; 6.0; 2.0; 2.0; 32.4; 2.0; 6.0,,,,,
TABLA DE ACCESORIOS DESCARGA,D37,"=VLOOKUP(K33,FRICCION,3,FALSE)",,FORMULA,0.000,f,FRICCION,,3.0; 3.0,VLOOKUP,,,,
TABLA DE ACCESORIOS DESCARGA,G37,"=VLOOKUP(K33,DIAMETRO,4,FALSE)",,FORMULA,0.00,f,DIAMETRO,,3.0; 4.0,VLOOKUP,,,,
TABLA DE ACCESORIOS DESCARGA,I37,=((D37*F37)*($H$2^2)/(32.4*2))*H37,,FORMULA,0.000,f,,,7.0; 7.0; 2.0; 2.0; 32.4; 2.0; 7.0,,,,,
TABLA DE ACCESORIOS DESCARGA,D38,"=VLOOKUP(K34,FRICCION,3,FALSE)",,FORMULA,0.000,f,FRICCION,,4.0; 3.0,VLOOKUP,,,,
TABLA DE ACCESORIOS DESCARGA,G38,"=VLOOKUP(K34,DIAMETRO,4,FALSE)",,FORMULA,0.00,f,DIAMETRO,,4.0; 4.0,VLOOKUP,,,,
TABLA DE ACCESORIOS DESCARGA,I38,=((D38*F38)*($H$2^2)/(32.4*2))*H38,,FORMULA,0.000,f,,,8.0; 8.0; 2.0; 2.0; 32.4; 2.0; 8.0,,,,,
TABLA DE ACCESORIOS DESCARGA,D39,"=VLOOKUP(K35,FRICCION,3,FALSE)",,FORMULA,0.000,f,FRICCION,,5.0; 3.0,VLOOKUP,,,,
TABLA DE ACCESORIOS DESCARGA,G39,"=VLOOKUP(K35,DIAMETRO,4,FALSE)",,FORMULA,0.00,f,DIAMETRO,,5.0; 4.0,VLOOKUP,,,,
TABLA DE ACCESORIOS DESCARGA,I39,=((D39*F39)*($H$2^2)/(32.4*2))*H39,,FORMULA,0.000,f,,,9.0; 9.0; 2.0; 2.0; 32.4; 2.0; 9.0,,,,,
TABLA DE ACCESORIOS DESCARGA,D40,"=VLOOKUP(K36,FRICCION,3,FALSE)",,FORMULA,0.000,f,FRICCION,,6.0; 3.0,VLOOKUP,,,,
TABLA DE ACCESORIOS DESCARGA,G40,"=VLOOKUP(K36,DIAMETRO,4,FALSE)",,FORMULA,0.00,f,DIAMETRO,,6.0; 4.0,VLOOKUP,,,,
TABLA DE ACCESORIOS DESCARGA,I40,=((D40*F40)*($H$2^2)/(32.4*2))*H40,,FORMULA,0.000,f,,,2.0; 2.0; 32.4; 2.0,,,,,
TABLA DE ACCESORIOS DESCARGA,I41,=(O41+S41+U41+Y41+AC41+AG41),,FORMULA,0.000,f,,,,,,,,
TABLA DE ACCESORIOS DESCARGA,O41,=SUM(O7:O40),,FORMULA,0.000,f,,,,SUM,,,,
TABLA DE ACCESORIOS DESCARGA,S41,=SUM(S7:S40),,FORMULA,0.000,f,,,,SUM,,,,
TABLA DE ACCESORIOS DESCARGA,U41,=(SUM(U7:U40))*2.31,,FORMULA,General,f,,,2.31,SUM,,,,
TABLA DE ACCESORIOS DESCARGA,Y41,=SUM(Y7:Y40),,FORMULA,0.000,f,,,,SUM,,,,
TABLA DE ACCESORIOS DESCARGA,AC41,=SUM(AC7:AC40),,FORMULA,0.000,f,,,,SUM,,,,
TABLA DE ACCESORIOS DESCARGA,AG41,=SUM(AG7:AG40),,FORMULA,0.000,f,,,,SUM,,,,
TABLA DE ACCESORIOS DESCARGA,O42,=O41/2.31,,FORMULA,General,f,,,2.31,,,,,
TABLA DE ACCESORIOS DESCARGA,S42,=S41/2.31,,FORMULA,General,f,,,2.31,,,,,
TABLA DE ACCESORIOS DESCARGA,U42,=U41/2.31,,FORMULA,General,f,,,2.31,,,,,
TABLA DE ACCESORIOS DESCARGA,Y42,=Y41/2.31,,FORMULA,General,f,,,2.31,,,,,
TABLA DE ACCESORIOS DESCARGA,AC42,=AC41/2.31,,FORMULA,General,f,,,2.31,,,,,
TABLA DE ACCESORIOS DESCARGA,AG42,=AG41/2.31,,FORMULA,General,f,,,2.31,,,,,
TABLA DE ACCESORIOS DESCARGA,AH46,"=SUM(AG41,AC41,Y41,S41,O41,U41)",,FORMULA,0.000,f,,,,SUM,,,,
TABLA DE ACCESORIOS DESCARGA,I77,=(D77*F77*(H77^2))/(32.4*2),,FORMULA,General,f,,,7.0; 7.0; 7.0; 2.0; 32.4; 2.0,,,,,
TABLA DE ACCESORIOS DESCARGA,I78,=(D78*F78*(H78^2))/(32.4*2),,FORMULA,General,f,,,8.0; 8.0; 8.0; 2.0; 32.4; 2.0,,,,,
TABLA DE ACCESORIOS DESCARGA,I79,=(D79*F79*(H79^2))/(32.4*2),,FORMULA,General,f,,,9.0; 9.0; 9.0; 2.0; 32.4; 2.0,,,,,
RAMALES,D9,='CAIDA PRESION DE TUBERIA'!G5,,FORMULA,0.00,f,,CAIDA PRESION DE TUBERIA,,,,,,
RAMALES,D10,=(4*(D9/448.8309))/(PI()*(D8/12)*(D8/12)),,FORMULA,0.00,f,,,4.0; 448.8309; 12.0; 12.0,PI,,,,
RAMALES,D12,=((('CAIDA PRESION DE TUBERIA'!$G$17*'CAIDA PRESION DE TUBERIA'!$G$16*'CAIDA PRESION DE TUBERIA'!$G$9*(D9^2))/(('CAIDA PRESION DE TUBERIA'!$G$7*(D9/D10)^0.5)^5))*2.3071)*'CAIDA PRESION DE TUBERIA'!$G$18,,FORMULA,0.000,f,,CAIDA PRESION DE TUBERIA,17.0; 16.0; 9.0; 2.0; 7.0; 0.5; 5.0; 2.3071; 18.0,,,,,
RAMALES,D13,=D11*D12,,FORMULA,0.00,f,,,2.0,,,,,
RAMALES,F18,=D11,,FORMULA,0.00,f,,,,,,,,
RAMALES,F19,=D13,,FORMULA,0.00,f,,,3.0,,,,,
TABLA DE ACCESORIOS SUCCION,D6,"=VLOOKUP(K2,FRICCION,3,FALSE)",,FORMULA,0.000,f,FRICCION,,3.0,VLOOKUP,,,,
TABLA DE ACCESORIOS SUCCION,G6,"=VLOOKUP(K2,DIAMETRO,4,FALSE)",,FORMULA,0.00,f,DIAMETRO,,4.0,VLOOKUP,,,,
TABLA DE ACCESORIOS SUCCION,I6,=((D6*F6)*('CAIDA PRESION DE TUBERIA'!$V$6^2)/(32.4*2))*H6,,FORMULA,0.000,f,,CAIDA PRESION DE TUBERIA,6.0; 2.0; 32.4; 2.0,,,,,
TABLA DE ACCESORIOS SUCCION,D7,"=VLOOKUP(K3,FRICCION,3,FALSE)",,FORMULA,0.000,f,FRICCION,,3.0,VLOOKUP,,,,
TABLA DE ACCESORIOS SUCCION,G7,"=VLOOKUP(K3,DIAMETRO,4,FALSE)",,FORMULA,0.00,f,DIAMETRO,,4.0,VLOOKUP,,,,
TABLA DE ACCESORIOS SUCCION,I7,=((D7*F7)*('CAIDA PRESION DE TUBERIA'!$V$6^2)/(32.4*2))*H7,,FORMULA,0.000,f,,CAIDA PRESION DE TUBERIA,6.0; 2.0; 32.4; 2.0,,,,,
TABLA DE ACCESORIOS SUCCION,D8,"=VLOOKUP(K4,FRICCION,3,FALSE)",,FORMULA,0.000,f,FRICCION,,3.0,VLOOKUP,,,,
TABLA DE ACCESORIOS SUCCION,G8,"=VLOOKUP(K4,DIAMETRO,4,FALSE)",,FORMULA,0.00,f,DIAMETRO,,4.0,VLOOKUP,,,,
TABLA DE ACCESORIOS SUCCION,I8,=((D8*F8)*('CAIDA PRESION DE TUBERIA'!$V$6^2)/(32.4*2))*H8,,FORMULA,0.000,f,,CAIDA PRESION DE TUBERIA,6.0; 2.0; 32.4; 2.0,,,,,
TABLA DE ACCESORIOS SUCCION,D9,"=VLOOKUP(K5,FRICCION,3,FALSE)",,FORMULA,0.000,f,FRICCION,,3.0,VLOOKUP,,,,
TABLA DE ACCESORIOS SUCCION,G9,"=VLOOKUP(K5,DIAMETRO,4,FALSE)",,FORMULA,0.00,f,DIAMETRO,,4.0,VLOOKUP,,,,
TABLA DE ACCESORIOS SUCCION,I9,=((D9*F9)*('CAIDA PRESION DE TUBERIA'!$V$6^2)/(32.4*2))*H9,,FORMULA,0.000,f,,CAIDA PRESION DE TUBERIA,6.0; 2.0; 32.4; 2.0,,,,,
TABLA DE ACCESORIOS SUCCION,D10,"=VLOOKUP(K6,FRICCION,3,FALSE)",,FORMULA,0.000,f,FRICCION,,3.0,VLOOKUP,,,,
TABLA DE ACCESORIOS SUCCION,G10,"=VLOOKUP(K6,DIAMETRO,4,FALSE)",,FORMULA,0.00,f,DIAMETRO,,4.0,VLOOKUP,,,,
TABLA DE ACCESORIOS SUCCION,I10,=((D10*F10)*('CAIDA PRESION DE TUBERIA'!$V$6^2)/(32.4*2))*H10,,FORMULA,0.000,f,,CAIDA PRESION DE TUBERIA,6.0; 2.0; 32.4; 2.0,,,,,
TABLA DE ACCESORIOS SUCCION,D11,"=VLOOKUP(K7,FRICCION,3,FALSE)",,FORMULA,0.000,f,FRICCION,,3.0,VLOOKUP,,,,
TABLA DE ACCESORIOS SUCCION,G11,"=VLOOKUP(K7,DIAMETRO,4,FALSE)",,FORMULA,0.00,f,DIAMETRO,,4.0,VLOOKUP,,,,
TABLA DE ACCESORIOS SUCCION,I11,=((D11*F11)*('CAIDA PRESION DE TUBERIA'!$V$6^2)/(32.4*2))*H11,,FORMULA,0.000,f,,CAIDA PRESION DE TUBERIA,6.0; 2.0; 32.4; 2.0,,,,,
TABLA DE ACCESORIOS SUCCION,D12,"=VLOOKUP(K8,FRICCION,3,FALSE)",,FORMULA,0.000,f,FRICCION,,3.0,VLOOKUP,,,,
TABLA DE ACCESORIOS SUCCION,G12,"=VLOOKUP(K8,DIAMETRO,4,FALSE)",,FORMULA,0.00,f,DIAMETRO,,4.0,VLOOKUP,,,,
TABLA DE ACCESORIOS SUCCION,I12,=((D12*F12)*('CAIDA PRESION DE TUBERIA'!$V$6^2)/(32.4*2))*H12,,FORMULA,0.000,f,,CAIDA PRESION DE TUBERIA,2.0; 2.0; 6.0; 2.0; 32.4; 2.0; 2.0,,,,,
TABLA DE ACCESORIOS SUCCION,D13,"=VLOOKUP(K9,FRICCION,3,FALSE)",,FORMULA,0.000,f,FRICCION,,3.0,VLOOKUP,,,,
TABLA DE ACCESORIOS SUCCION,G13,"=VLOOKUP(K9,DIAMETRO,4,FALSE)",,FORMULA,0.00,f,DIAMETRO,,4.0,VLOOKUP,,,,
TABLA DE ACCESORIOS SUCCION,I13,=((D13*F13)*('CAIDA PRESION DE TUBERIA'!$V$6^2)/(32.4*2))*H13,,FORMULA,0.000,f,,CAIDA PRESION DE TUBERIA,3.0; 3.0; 6.0; 2.0; 32.4; 2.0; 3.0,,,,,
TABLA DE ACCESORIOS SUCCION,D14,"=VLOOKUP(K10,FRICCION,3,FALSE)",,FORMULA,0.000,f,FRICCION,,3.0,VLOOKUP,,,,
TABLA DE ACCESORIOS SUCCION,G14,"=VLOOKUP(K10,DIAMETRO,4,FALSE)",,FORMULA,0.00,f,DIAMETRO,,4.0,VLOOKUP,,,,
TABLA DE ACCESORIOS SUCCION,I14,=((D14*F14)*('CAIDA PRESION DE TUBERIA'!$V$6^2)/(32.4*2))*H14,,FORMULA,0.000,f,,CAIDA PRESION DE TUBERIA,4.0; 4.0; 6.0; 2.0; 32.4; 2.0; 4.0,,,,,
TABLA DE ACCESORIOS SUCCION,D15,"=VLOOKUP(K11,FRICCION,3,FALSE)",,FORMULA,0.000,f,FRICCION,,3.0,VLOOKUP,,,,
TABLA DE ACCESORIOS SUCCION,G15,"=VLOOKUP(K11,DIAMETRO,4,FALSE)",,FORMULA,0.00,f,DIAMETRO,,4.0,VLOOKUP,,,,
TABLA DE ACCESORIOS SUCCION,I15,=((D15*F15)*('CAIDA PRESION DE TUBERIA'!$V$6^2)/(32.4*2))*H15,,FORMULA,0.000,f,,CAIDA PRESION DE TUBERIA,5.0; 5.0; 6.0; 2.0; 32.4; 2.0; 5.0,,,,,
TABLA DE ACCESORIOS SUCCION,D16,"=VLOOKUP(K12,FRICCION,3,FALSE)",,FORMULA,0.000,f,FRICCION,,2.0; 3.0,VLOOKUP,,,,
TABLA DE ACCESORIOS SUCCION,G16,"=VLOOKUP(K12,DIAMETRO,4,FALSE)",,FORMULA,0.00,f,DIAMETRO,,2.0; 4.0,VLOOKUP,,,,
TABLA DE ACCESORIOS SUCCION,I16,=((D16*F16)*('CAIDA PRESION DE TUBERIA'!$V$6^2)/(32.4*2))*H16,,FORMULA,0.000,f,,CAIDA PRESION DE TUBERIA,6.0; 6.0; 6.0; 2.0; 32.4; 2.0; 6.0,,,,,
TABLA DE ACCESORIOS SUCCION,D17,"=VLOOKUP(K13,FRICCION,3,FALSE)",,FORMULA,0.000,f,FRICCION,,3.0; 3.0,VLOOKUP,,,,
TABLA DE ACCESORIOS SUCCION,G17,"=VLOOKUP(K13,DIAMETRO,4,FALSE)",,FORMULA,0.00,f,DIAMETRO,,3.0; 4.0,VLOOKUP,,,,
TABLA DE ACCESORIOS SUCCION,I17,=((D17*F17)*('CAIDA PRESION DE TUBERIA'!$V$6^2)/(32.4*2))*H17,,FORMULA,0.000,f,,CAIDA PRESION DE TUBERIA,7.0; 7.0; 6.0; 2.0; 32.4; 2.0; 7.0,,,,,
TABLA DE ACCESORIOS SUCCION,D18,"=VLOOKUP(K14,FRICCION,3,FALSE)",,FORMULA,0.000,f,FRICCION,,4.0; 3.0,VLOOKUP,,,,
TABLA DE ACCESORIOS SUCCION,G18,"=VLOOKUP(K14,DIAMETRO,4,FALSE)",,FORMULA,0.00,f,DIAMETRO,,4.0; 4.0,VLOOKUP,,,,
TABLA DE ACCESORIOS SUCCION,I18,=((D18*F18)*('CAIDA PRESION DE TUBERIA'!$V$6^2)/(32.4*2))*H18,,FORMULA,0.000,f,,CAIDA PRESION DE TUBERIA,8.0; 8.0; 6.0; 2.0; 32.4; 2.0; 8.0,,,,,
TABLA DE ACCESORIOS SUCCION,D19,"=VLOOKUP(K15,FRICCION,3,FALSE)",,FORMULA,0.000,f,FRICCION,,5.0; 3.0,VLOOKUP,,,,
TABLA DE ACCESORIOS SUCCION,G19,"=VLOOKUP(K15,DIAMETRO,4,FALSE)",,FORMULA,0.00,f,DIAMETRO,,5.0; 4.0,VLOOKUP,,,,
TABLA DE ACCESORIOS SUCCION,I19,=((D19*F19)*('CAIDA PRESION DE TUBERIA'!$V$6^2)/(32.4*2))*H19,,FORMULA,0.000,f,,CAIDA PRESION DE TUBERIA,9.0; 9.0; 6.0; 2.0; 32.4; 2.0; 9.0,,,,,
TABLA DE ACCESORIOS SUCCION,D20,"=VLOOKUP(K16,FRICCION,3,FALSE)",,FORMULA,0.000,f,FRICCION,,6.0; 3.0,VLOOKUP,,,,
TABLA DE ACCESORIOS SUCCION,G20,"=VLOOKUP(K16,DIAMETRO,4,FALSE)",,FORMULA,0.00,f,DIAMETRO,,6.0; 4.0,VLOOKUP,,,,
TABLA DE ACCESORIOS SUCCION,I20,=((D20*F20)*('CAIDA PRESION DE TUBERIA'!$V$6^2)/(32.4*2))*H20,,FORMULA,0.000,f,,CAIDA PRESION DE TUBERIA,6.0; 2.0; 32.4; 2.0,,,,,
TABLA DE ACCESORIOS SUCCION,D21,"=VLOOKUP(K17,FRICCION,3,FALSE)",,FORMULA,0.000,f,FRICCION,,7.0; 3.0,VLOOKUP,,,,
TABLA DE ACCESORIOS SUCCION,G21,"=VLOOKUP(K17,DIAMETRO,4,FALSE)",,FORMULA,0.00,f,DIAMETRO,,7.0; 4.0,VLOOKUP,,,,
TABLA DE ACCESORIOS SUCCION,I21,=((D21*F21)*('CAIDA PRESION DE TUBERIA'!$V$6^2)/(32.4*2))*H21,,FORMULA,0.000,f,,CAIDA PRESION DE TUBERIA,6.0; 2.0; 32.4; 2.0,,,,,
TABLA DE ACCESORIOS SUCCION,D22,"=VLOOKUP(K18,FRICCION,3,FALSE)",,FORMULA,0.000,f,FRICCION,,8.0; 3.0,VLOOKUP,,,,
TABLA DE ACCESORIOS SUCCION,G22,"=VLOOKUP(K18,DIAMETRO,4,FALSE)",,FORMULA,0.00,f,DIAMETRO,,8.0; 4.0,VLOOKUP,,,,
TABLA DE ACCESORIOS SUCCION,I22,=((D22*F22)*('CAIDA PRESION DE TUBERIA'!$V$6^2)/(32.4*2))*H22,,FORMULA,0.000,f,,CAIDA PRESION DE TUBERIA,2.0; 2.0; 6.0; 2.0; 32.4; 2.0; 2.0,,,,,
TABLA DE ACCESORIOS SUCCION,D23,"=VLOOKUP(K19,FRICCION,3,FALSE)",,FORMULA,0.000,f,FRICCION,,9.0; 3.0,VLOOKUP,,,,
TABLA DE ACCESORIOS SUCCION,G23,"=VLOOKUP(K19,DIAMETRO,4,FALSE)",,FORMULA,0.00,f,DIAMETRO,,9.0; 4.0,VLOOKUP,,,,
TABLA DE ACCESORIOS SUCCION,I23,=((D23*F23)*('CAIDA PRESION DE TUBERIA'!$V$6^2)/(32.4*2))*H23,,FORMULA,0.000,f,,CAIDA PRESION DE TUBERIA,3.0; 3.0; 6.0; 2.0; 32.4; 2.0; 3.0,,,,,
TABLA DE ACCESORIOS SUCCION,D24,"=VLOOKUP(K20,FRICCION,3,FALSE)",,FORMULA,0.000,f,FRICCION,,3.0,VLOOKUP,,,,
TABLA DE ACCESORIOS SUCCION,G24,"=VLOOKUP(K20,DIAMETRO,4,FALSE)",,FORMULA,0.00,f,DIAMETRO,,4.0,VLOOKUP,,,,
TABLA DE ACCESORIOS SUCCION,I24,=((D24*F24)*('CAIDA PRESION DE TUBERIA'!$V$6^2)/(32.4*2))*H24,,FORMULA,0.000,f,,CAIDA PRESION DE TUBERIA,4.0; 4.0; 6.0; 2.0; 32.4; 2.0; 4.0,,,,,
TABLA DE ACCESORIOS SUCCION,D25,"=VLOOKUP(K21,FRICCION,3,FALSE)",,FORMULA,0.000,f,FRICCION,,3.0,VLOOKUP,,,,
TABLA DE ACCESORIOS SUCCION,G25,"=VLOOKUP(K21,DIAMETRO,4,FALSE)",,FORMULA,0.00,f,DIAMETRO,,4.0,VLOOKUP,,,,
TABLA DE ACCESORIOS SUCCION,I25,=((D25*F25)*('CAIDA PRESION DE TUBERIA'!$V$6^2)/(32.4*2))*H25,,FORMULA,0.000,f,,CAIDA PRESION DE TUBERIA,5.0; 5.0; 6.0; 2.0; 32.4; 2.0; 5.0,,,,,
TABLA DE ACCESORIOS SUCCION,D26,"=VLOOKUP(K22,FRICCION,3,FALSE)",,FORMULA,0.000,f,FRICCION,,2.0; 3.0,VLOOKUP,,,,
TABLA DE ACCESORIOS SUCCION,G26,"=VLOOKUP(K22,DIAMETRO,4,FALSE)",,FORMULA,0.00,f,DIAMETRO,,2.0; 4.0,VLOOKUP,,,,
TABLA DE ACCESORIOS SUCCION,I26,=((D26*F26)*('CAIDA PRESION DE TUBERIA'!$V$6^2)/(32.4*2))*H26,,FORMULA,0.000,f,,CAIDA PRESION DE TUBERIA,6.0; 6.0; 6.0; 2.0; 32.4; 2.0; 6.0,,,,,
TABLA DE ACCESORIOS SUCCION,D27,"=VLOOKUP(K23,FRICCION,3,FALSE)",,FORMULA,0.000,f,FRICCION,,3.0; 3.0,VLOOKUP,,,,
TABLA DE ACCESORIOS SUCCION,G27,"=VLOOKUP(K23,DIAMETRO,4,FALSE)",,FORMULA,0.00,f,DIAMETRO,,3.0; 4.0,VLOOKUP,,,,
TABLA DE ACCESORIOS SUCCION,I27,=((D27*F27)*('CAIDA PRESION DE TUBERIA'!$V$6^2)/(32.4*2))*H27,,FORMULA,0.000,f,,CAIDA PRESION DE TUBERIA,7.0; 7.0; 6.0; 2.0; 32.4; 2.0; 7.0,,,,,
TABLA DE ACCESORIOS SUCCION,D28,"=VLOOKUP(K24,FRICCION,3,FALSE)",,FORMULA,0.000,f,FRICCION,,4.0; 3.0,VLOOKUP,,,,
TABLA DE ACCESORIOS SUCCION,G28,"=VLOOKUP(K24,DIAMETRO,4,FALSE)",,FORMULA,0.00,f,DIAMETRO,,4.0; 4.0,VLOOKUP,,,,
TABLA DE ACCESORIOS SUCCION,I28,=((D28*F28)*('CAIDA PRESION DE TUBERIA'!$V$6^2)/(32.4*2))*H28,,FORMULA,0.000,f,,CAIDA PRESION DE TUBERIA,8.0; 8.0; 6.0; 2.0; 32.4; 2.0; 8.0,,,,,
TABLA DE ACCESORIOS SUCCION,D29,"=VLOOKUP(K25,FRICCION,3,FALSE)",,FORMULA,0.000,f,FRICCION,,5.0; 3.0,VLOOKUP,,,,
TABLA DE ACCESORIOS SUCCION,G29,"=VLOOKUP(K25,DIAMETRO,4,FALSE)",,FORMULA,0.00,f,DIAMETRO,,5.0; 4.0,VLOOKUP,,,,
TABLA DE ACCESORIOS SUCCION,I29,=((D29*F29)*('CAIDA PRESION DE TUBERIA'!$V$6^2)/(32.4*2))*H29,,FORMULA,0.000,f,,CAIDA PRESION DE TUBERIA,9.0; 9.0; 6.0; 2.0; 32.4; 2.0; 9.0,,,,,
TABLA DE ACCESORIOS SUCCION,D30,"=VLOOKUP(K26,FRICCION,3,FALSE)",,FORMULA,0.000,f,FRICCION,,6.0; 3.0,VLOOKUP,,,,
TABLA DE ACCESORIOS SUCCION,G30,"=VLOOKUP(K26,DIAMETRO,4,FALSE)",,FORMULA,0.00,f,DIAMETRO,,6.0; 4.0,VLOOKUP,,,,
TABLA DE ACCESORIOS SUCCION,I30,=((D30*F30)*('CAIDA PRESION DE TUBERIA'!$V$6^2)/(32.4*2))*H30,,FORMULA,0.000,f,,CAIDA PRESION DE TUBERIA,6.0; 2.0; 32.4; 2.0,,,,,
TABLA DE ACCESORIOS SUCCION,D31,"=VLOOKUP(K27,FRICCION,3,FALSE)",,FORMULA,0.000,f,FRICCION,,7.0; 3.0,VLOOKUP,,,,
TABLA DE ACCESORIOS SUCCION,G31,"=VLOOKUP(K27,DIAMETRO,4,FALSE)",,FORMULA,0.00,f,DIAMETRO,,7.0; 4.0,VLOOKUP,,,,
TABLA DE ACCESORIOS SUCCION,I31,=((D31*F31)*('CAIDA PRESION DE TUBERIA'!$V$6^2)/(32.4*2))*H31,,FORMULA,0.000,f,,CAIDA PRESION DE TUBERIA,6.0; 2.0; 32.4; 2.0,,,,,
TABLA DE ACCESORIOS SUCCION,D32,"=VLOOKUP(K28,FRICCION,3,FALSE)",,FORMULA,0.000,f,FRICCION,,8.0; 3.0,VLOOKUP,,,,
TABLA DE ACCESORIOS SUCCION,G32,"=VLOOKUP(K28,DIAMETRO,4,FALSE)",,FORMULA,0.00,f,DIAMETRO,,8.0; 4.0,VLOOKUP,,,,
TABLA DE ACCESORIOS SUCCION,I32,=((D32*F32)*('CAIDA PRESION DE TUBERIA'!$V$6^2)/(32.4*2))*H32,,FORMULA,0.0000,f,,CAIDA PRESION DE TUBERIA,2.0; 2.0; 6.0; 2.0; 32.4; 2.0; 2.0,,,,,
TABLA DE ACCESORIOS SUCCION,D33,"=VLOOKUP(K29,FRICCION,3,FALSE)",,FORMULA,0.000,f,FRICCION,,9.0; 3.0,VLOOKUP,,,,
TABLA DE ACCESORIOS SUCCION,G33,"=VLOOKUP(K29,DIAMETRO,4,FALSE)",,FORMULA,0.00,f,DIAMETRO,,9.0; 4.0,VLOOKUP,,,,
TABLA DE ACCESORIOS SUCCION,I33,=((D33*F33)*('CAIDA PRESION DE TUBERIA'!$V$6^2)/(32.4*2))*H33,,FORMULA,0.000,f,,CAIDA PRESION DE TUBERIA,3.0; 3.0; 6.0; 2.0; 32.4; 2.0; 3.0,,,,,
TABLA DE ACCESORIOS SUCCION,D34,"=VLOOKUP(K30,FRICCION,3,FALSE)",,FORMULA,0.000,f,FRICCION,,3.0,VLOOKUP,,,,
TABLA DE ACCESORIOS SUCCION,G34,"=VLOOKUP(K30,DIAMETRO,4,FALSE)",,FORMULA,0.00,f,DIAMETRO,,4.0,VLOOKUP,,,,
TABLA DE ACCESORIOS SUCCION,I34,=((D34*F34)*('CAIDA PRESION DE TUBERIA'!$V$6^2)/(32.4*2))*H34,,FORMULA,0.000,f,,CAIDA PRESION DE TUBERIA,4.0; 4.0; 6.0; 2.0; 32.4; 2.0; 4.0,,,,,
TABLA DE ACCESORIOS SUCCION,D35,"=VLOOKUP(K31,FRICCION,3,FALSE)",,FORMULA,0.000,f,FRICCION,,3.0,VLOOKUP,,,,
TABLA DE ACCESORIOS SUCCION,G35,"=VLOOKUP(K31,DIAMETRO,4,FALSE)",,FORMULA,0.00,f,DIAMETRO,,4.0,VLOOKUP,,,,
TABLA DE ACCESORIOS SUCCION,I35,=((D35*F35)*('CAIDA PRESION DE TUBERIA'!$V$6^2)/(32.4*2))*H35,,FORMULA,0.000,f,,CAIDA PRESION DE TUBERIA,5.0; 5.0; 6.0; 2.0; 32.4; 2.0; 5.0,,,,,
TABLA DE ACCESORIOS SUCCION,D36,"=VLOOKUP(K32,FRICCION,3,FALSE)",,FORMULA,0.000,f,FRICCION,,2.0; 3.0,VLOOKUP,,,,
TABLA DE ACCESORIOS SUCCION,G36,"=VLOOKUP(K32,DIAMETRO,4,FALSE)",,FORMULA,0.00,f,DIAMETRO,,2.0; 4.0,VLOOKUP,,,,
TABLA DE ACCESORIOS SUCCION,I36,=((D36*F36)*('CAIDA PRESION DE TUBERIA'!$V$6^2)/(32.4*2))*H36,,FORMULA,0.000,f,,CAIDA PRESION DE TUBERIA,6.0; 6.0; 6.0; 2.0; 32.4; 2.0; 6.0,,,,,
TABLA DE ACCESORIOS SUCCION,D37,"=VLOOKUP(K33,FRICCION,3,FALSE)",,FORMULA,0.000,f,FRICCION,,3.0; 3.0,VLOOKUP,,,,
TABLA DE ACCESORIOS SUCCION,G37,"=VLOOKUP(K33,DIAMETRO,4,FALSE)",,FORMULA,0.00,f,DIAMETRO,,3.0; 4.0,VLOOKUP,,,,
TABLA DE ACCESORIOS SUCCION,I37,=((D37*F37)*('CAIDA PRESION DE TUBERIA'!$V$6^2)/(32.4*2))*H37,,FORMULA,0.000,f,,CAIDA PRESION DE TUBERIA,7.0; 7.0; 6.0; 2.0; 32.4; 2.0; 7.0,,,,,
TABLA DE ACCESORIOS SUCCION,D38,"=VLOOKUP(K34,FRICCION,3,FALSE)",,FORMULA,0.000,f,FRICCION,,4.0; 3.0,VLOOKUP,,,,
TABLA DE ACCESORIOS SUCCION,G38,"=VLOOKUP(K34,DIAMETRO,4,FALSE)",,FORMULA,0.00,f,DIAMETRO,,4.0; 4.0,VLOOKUP,,,,
TABLA DE ACCESORIOS SUCCION,I38,=((D38*F38)*('CAIDA PRESION DE TUBERIA'!$V$6^2)/(32.4*2))*H38,,FORMULA,0.000,f,,CAIDA PRESION DE TUBERIA,8.0; 8.0; 6.0; 2.0; 32.4; 2.0; 8.0,,,,,
TABLA DE ACCESORIOS SUCCION,D39,"=VLOOKUP(K35,FRICCION,3,FALSE)",,FORMULA,0.000,f,FRICCION,,5.0; 3.0,VLOOKUP,,,,
TABLA DE ACCESORIOS SUCCION,G39,"=VLOOKUP(K35,DIAMETRO,4,FALSE)",,FORMULA,0.00,f,DIAMETRO,,5.0; 4.0,VLOOKUP,,,,
TABLA DE ACCESORIOS SUCCION,I39,=((D39*F39)*('CAIDA PRESION DE TUBERIA'!$V$6^2)/(32.4*2))*H39,,FORMULA,0.000,f,,CAIDA PRESION DE TUBERIA,9.0; 9.0; 6.0; 2.0; 32.4; 2.0; 9.0,,,,,
TABLA DE ACCESORIOS SUCCION,I40,=SUM(I6:I39),,FORMULA,0.000,f,,,9.0,SUM,,,,
005PU001,E4,='CALCULO DE BOMBA'!C2,,FORMULA,General,f,,CALCULO DE BOMBA,,,,,,
005PU001,E5,='CALCULO DE BOMBA'!C1,,FORMULA,General,f,,CALCULO DE BOMBA,,,,,,
005PU001,H6,='RESUMEN PARA PDF'!B13,,FORMULA,0.00,f,,RESUMEN PARA PDF,3.0,,,,,
005PU001,H7,='RESUMEN PARA PDF'!B16,,FORMULA,0.00,f,,RESUMEN PARA PDF,6.0,,,,,
005PU001,H8,='RESUMEN PARA PDF'!B28,,FORMULA,0.00,f,,RESUMEN PARA PDF,8.0,,,,,
005PU001,D9,='RESUMEN PARA PDF'!G14,,FORMULA,General,f,,RESUMEN PARA PDF,4.0,,,,,
005PU001,H9,='RESUMEN PARA PDF'!D28,,FORMULA,0.00,f,,RESUMEN PARA PDF,8.0,,,,,
005PU001,D10,='RESUMEN PARA PDF'!G16,,FORMULA,0.00,f,,RESUMEN PARA PDF,6.0,,,,,
005PU001,H10,='RESUMEN PARA PDF'!G25/3.281,,FORMULA,0.00,f,,RESUMEN PARA PDF,5.0; 3.281,,,,,
005PU001,D11,='RESUMEN PARA PDF'!G15,,FORMULA,General,f,,RESUMEN PARA PDF,5.0,,,,,
005PU001,H11,='RESUMEN PARA PDF'!G29,,FORMULA,0.00,f,,RESUMEN PARA PDF,9.0,,,,,
005PU001,D23,='RESUMEN PARA PDF'!G28,,FORMULA,0%,f,,RESUMEN PARA PDF,8.0,,,,,
RESUMEN PARA PDF,C4,='CALCULO DE BOMBA'!C2,,FORMULA,General,f,,CALCULO DE BOMBA,,,,,,
RESUMEN PARA PDF,B9,=C4,,FORMULA,General,f,,,,,,,,
RESUMEN PARA PDF,B13,='CAIDA PRESION DE TUBERIA'!V5,,FORMULA,0.00,f,,CAIDA PRESION DE TUBERIA,,,,,,
RESUMEN PARA PDF,D13,=B13*3.785,,FORMULA,General,f,,,3.0; 3.785,,,,,
RESUMEN PARA PDF,G13,='CALCULO DE BOMBA'!C4,,FORMULA,0,f,,CALCULO DE BOMBA,,,,,,
RESUMEN PARA PDF,G14,='CALCULO DE BOMBA'!E6,,FORMULA,General,f,,CALCULO DE BOMBA,,,,,,
RESUMEN PARA PDF,D15,=B15*3.785,,FORMULA,0.00,f,,,5.0; 3.785,,,,,
RESUMEN PARA PDF,B16,=B13+B15,,FORMULA,0.00,f,,,3.0; 5.0,,,,,
RESUMEN PARA PDF,D16,=B16*3.785,,FORMULA,0.00,f,,,6.0; 3.785,,,,,
RESUMEN PARA PDF,G16,='CALCULO DE BOMBA'!E11,,FORMULA,0.00,f,,CALCULO DE BOMBA,,,,,,
RESUMEN PARA PDF,B19,='CALCULO DE BOMBA'!C9,,FORMULA,0.000,f,,CALCULO DE BOMBA,,,,,,
RESUMEN PARA PDF,D19,=B19/3.28,,FORMULA,0.00,f,,,9.0; 3.28,,,,,
RESUMEN PARA PDF,B20,='CALCULO DE BOMBA'!C20,,FORMULA,0.00,f,,CALCULO DE BOMBA,,,,,,
RESUMEN PARA PDF,D20,=B20/3.28,,FORMULA,General,f,,,3.28,,,,,
RESUMEN PARA PDF,B21,=B20-B19,,FORMULA,0.00,f,,,9.0,,,,,
RESUMEN PARA PDF,D21,=B21/3.28,,FORMULA,0.00,f,,,3.28,,,,,
RESUMEN PARA PDF,C23,='CALCULO DE BOMBA'!C14,,FORMULA,0.0000,f,,CALCULO DE BOMBA,4.0,,,,,
RESUMEN PARA PDF,C24,='CALCULO DE BOMBA'!C11,,FORMULA,0.0000,f,,CALCULO DE BOMBA,,,,,,
RESUMEN PARA PDF,G24,='CALCULO DE BOMBA'!E10,,FORMULA,0.00,f,,CALCULO DE BOMBA,,,,,,
RESUMEN PARA PDF,C25,=RAMALES!F19,,FORMULA,0.000,f,,,9.0,,,,,
RESUMEN PARA PDF,G25,='CALCULO DE BOMBA'!E14,,FORMULA,0.00,f,,CALCULO DE BOMBA,4.0,,,,,
RESUMEN PARA PDF,C26,='TABLA DE ACCESORIOS DESCARGA'!I41,,FORMULA,0.000,f,DESCARGA,TABLA DE ACCESORIOS DESCARGA,,,,,,
RESUMEN PARA PDF,B28,=(B21+C23+C24+C25+C26)*1,,FORMULA,0.00,f,,,3.0; 4.0; 5.0; 6.0,,,,,
RESUMEN PARA PDF,D28,=B28/2.31,,FORMULA,0.00,f,,,8.0; 2.31,,,,,
RESUMEN PARA PDF,G28,='CALCULO DE BOMBA'!C22,,FORMULA,0%,f,,CALCULO DE BOMBA,2.0,,,,,
RESUMEN PARA PDF,G29,='CALCULO DE BOMBA'!E21,,FORMULA,0.00,f,,CALCULO DE BOMBA,,,,,,
RESUMEN PARA PDF,B32,=B14,,FORMULA,0,f,,,4.0,,,,,
RESUMEN PARA PDF,D32,=G14,,FORMULA,0.00,f,,,4.0,,,,,
RESUMEN PARA PDF,F32,=G81,,FORMULA,0%,f,,,,,,,,
RESUMEN PARA PDF,B33,=B13,,FORMULA,General,f,,,3.0,,,,,
RESUMEN PARA PDF,D33,='CALCULO DE BOMBA'!E11,,FORMULA,0.00,f,,CALCULO DE BOMBA,,,,,,
RESUMEN PARA PDF,B34,=B28,,FORMULA,0.00,f,,,8.0,,,,,
RESUMEN PARA PDF,F34,=E37,,FORMULA,0.00,f,,,7.0,,,,,
RESUMEN PARA PDF,B35,=G29,,FORMULA,0.00,f,,,9.0,,,,,
RESUMEN PARA PDF,D35,=G37,,FORMULA,0.00,f,,,7.0,,,,,
RESUMEN PARA PDF,B36,=G80,,FORMULA,0.00,f,,,,,,,,
RESUMEN PARA PDF,D36,=G25,,FORMULA,0.00,f,,,5.0,,,,,
RESUMEN PARA PDF,A37,=A46,,FORMULA,General,f,,,6.0,,,,,
RESUMEN PARA PDF,B37,=B46,,FORMULA,General,f,,,6.0,,,,,
RESUMEN PARA PDF,C37,=C46,,FORMULA,General,f,,,6.0,,,,,
RESUMEN PARA PDF,E37,='005PU001'!H20,,FORMULA,0.00,f,,005PU001,,,,,,
RESUMEN PARA PDF,G37,='005PU001'!H19,,FORMULA,0.00,f,,005PU001,9.0,,,,,
RESUMEN PARA PDF,C46,='005PU001'!D19,,FORMULA,General,f,,005PU001,9.0,,,,,
RESUMEN PARA PDF,D46,='005PU001'!D21,,FORMULA,General,f,,005PU001,,,,,,
RESUMEN PARA PDF,E46,='005PU001'!D25,,FORMULA,General,f,,005PU001,5.0,,,,,
RESUMEN PARA PDF,F46,=F32,,FORMULA,0%,f,,,2.0,,,,,
RESUMEN PARA PDF,G46,='005PU001'!H19,,FORMULA,General,f,,005PU001,9.0,,,,,
RESUMEN PARA PDF,H46,='005PU001'!H20,,FORMULA,General,f,,005PU001,,,,,,
RESUMEN PARA PDF,B50,=RAMALES!D5,,FORMULA,0,f,,,,,,,,
RESUMEN PARA PDF,B51,=RAMALES!D6,,FORMULA,0.00,f,,,,,,,,
RESUMEN PARA PDF,B52,=RAMALES!D7,,FORMULA,0.00,f,,,,,,,,
RESUMEN PARA PDF,B53,=RAMALES!D8,,FORMULA,0,f,,,,,,,,
RESUMEN PARA PDF,B54,=RAMALES!D9,,FORMULA,0,f,,,,,,,,
RESUMEN PARA PDF,B55,=RAMALES!D10,,FORMULA,0,f,,,,,,,,
RESUMEN PARA PDF,B56,=RAMALES!D11,,FORMULA,0,f,,,,,,,,
RESUMEN PARA PDF,B57,=RAMALES!D12,,FORMULA,0.0000,f,,,2.0,,,,,
RESUMEN PARA PDF,B58,=RAMALES!D13,,FORMULA,0.0000,f,,,3.0,,,,,
RESUMEN PARA PDF,G77,=B16,,FORMULA,0.00,f,,,6.0,,,,,
RESUMEN PARA PDF,G78,=B28,,FORMULA,0.00,f,,,8.0,,,,,
RESUMEN PARA PDF,G81,=G28,,FORMULA,0%,f,,,8.0,,,,,
RESUMEN PARA PDF,G82,=E37,,FORMULA,0.00,f,,,7.0,,,,,
VELOCIDADES RECOMENDADAS,AB5,=(AA5*3.2808)/1.422,,FORMULA,0.000,f,,,3.2808; 1.422,,,,,
VELOCIDADES RECOMENDADAS,AB6,=(AA6*3.2808)/1.422,,FORMULA,0.000,f,,,3.2808; 1.422,,,,,
VELOCIDADES RECOMENDADAS,AB7,=(AA7*3.2808)/1.422,,FORMULA,0.000,f,,,3.2808; 1.422,,,,,
VELOCIDADES RECOMENDADAS,AB8,=(AA8*3.2808)/1.422,,FORMULA,0.000,f,,,3.2808; 1.422,,,,,
VELOCIDADES RECOMENDADAS,AB9,=(AA9*3.2808)/1.422,,FORMULA,0.000,f,,,3.2808; 1.422,,,,,
VELOCIDADES RECOMENDADAS,AB10,=(AA10*3.2808)/1.422,,FORMULA,0.000,f,,,3.2808; 1.422,,,,,
VELOCIDADES RECOMENDADAS,AB11,=(AA11*3.2808)/1.422,,FORMULA,0.000,f,,,3.2808; 1.422,,,,,
VELOCIDADES RECOMENDADAS,AB12,=(AA12*3.2808)/1.422,,FORMULA,0.000,f,,,2.0; 3.2808; 1.422,,,,,
VELOCIDADES RECOMENDADAS,AB13,=(AA13*3.2808)/1.422,,FORMULA,0.000,f,,,3.0; 3.2808; 1.422,,,,,
VELOCIDADES RECOMENDADAS,AB14,=(AA14*3.2808)/1.422,,FORMULA,0.000,f,,,4.0; 3.2808; 1.422,,,,,
VELOCIDADES RECOMENDADAS,AB15,=(AA15*3.2808)/1.422,,FORMULA,0.000,f,,,5.0; 3.2808; 1.422,,,,,
VELOCIDADES RECOMENDADAS,AB16,=(AA16*3.2808)/1.422,,FORMULA,0.000,f,,,6.0; 3.2808; 1.422,,,,,
VELOCIDADES RECOMENDADAS,AB17,=(AA17*3.2808)/1.422,,FORMULA,0.000,f,,,7.0; 3.2808; 1.422,,,,,
VELOCIDADES RECOMENDADAS,AB18,=(AA18*3.2808)/1.422,,FORMULA,0.000,f,,,8.0; 3.2808; 1.422,,,,,
VELOCIDADES RECOMENDADAS,AB19,=(AA19*3.2808)/1.422,,FORMULA,0.000,f,,,9.0; 3.2808; 1.422,,,,,
VELOCIDADES RECOMENDADAS,AB20,=(AA20*3.2808)/1.422,,FORMULA,0.000,f,,,3.2808; 1.422,,,,,
VELOCIDADES RECOMENDADAS,AB21,=(AA21*3.2808)/1.422,,FORMULA,0.000,f,,,3.2808; 1.422,,,,,
VELOCIDADES RECOMENDADAS,AB22,=(AA22*3.2808)/1.422,,FORMULA,0.000,f,,,2.0; 3.2808; 1.422,,,,,
VELOCIDADES RECOMENDADAS,AB23,=(AA23*3.2808)/1.422,,FORMULA,0.000,f,,,3.0; 3.2808; 1.422,,,,,
VELOCIDADES RECOMENDADAS,V27,=(2.3071*'CALCULO DE BOMBA'!C8)-('CALCULO DE BOMBA'!E9+'CALCULO DE BOMBA'!C9+'CALCULO DE BOMBA'!C11),,FORMULA,0.00,f,,CALCULO DE BOMBA,2.3071,,,,,
VELOCIDADES RECOMENDADAS,V28,=(2.3071*'CALCULO DE BOMBA'!E8)-('CALCULO DE BOMBA'!E9+'CALCULO DE BOMBA'!C9+'CALCULO DE BOMBA'!C11),,FORMULA,0.00,f,,CALCULO DE BOMBA,2.3071,,,,,
VELOCIDADES RECOMENDADAS,V29,=(2.3071*'CALCULO DE BOMBA'!C8)+'CALCULO DE BOMBA'!C9-('CALCULO DE BOMBA'!E9+'CALCULO DE BOMBA'!C11),,FORMULA,0.00,f,,CALCULO DE BOMBA,2.3071,,,,,
VELOCIDADES RECOMENDADAS,V30,=(2.3071*'CALCULO DE BOMBA'!E8)+'CALCULO DE BOMBA'!C9-('CALCULO DE BOMBA'!E9+'CALCULO DE BOMBA'!C11),,FORMULA,0.00,f,,CALCULO DE BOMBA,2.3071,,,,,
REPORTE GENERAL,H14,"=VLOOKUP('CAIDA PRESION DE TUBERIA'!F30,OUTPIPES,2,FALSE)",,FORMULA,General,f,OUTPIPE; OUTPIPES,CAIDA PRESION DE TUBERIA,2.0,VLOOKUP,,,,
REPORTE GENERAL,I14,"=VLOOKUP('CAIDA PRESION DE TUBERIA'!G30,OUTPIPES,2,FALSE)",,FORMULA,General,f,OUTPIPE; OUTPIPES,CAIDA PRESION DE TUBERIA,2.0,VLOOKUP,,,,
REPORTE GENERAL,C15,"=VLOOKUP('CAIDA PRESION DE TUBERIA'!A31,OUTPIPES,2,FALSE)",,FORMULA,General,f,OUTPIPE; OUTPIPES,CAIDA PRESION DE TUBERIA,2.0,VLOOKUP,,,,
REPORTE GENERAL,D15,"=VLOOKUP('CAIDA PRESION DE TUBERIA'!B31,OUTPIPES,2,FALSE)",,FORMULA,General,f,OUTPIPE; OUTPIPES,CAIDA PRESION DE TUBERIA,2.0,VLOOKUP,,,,
REPORTE GENERAL,C16,=C14*0.05,,FORMULA,General,f,,,4.0; 0.05,,,,,
REPORTE GENERAL,C17,=C14+C16,,FORMULA,General,f,,,4.0; 6.0,,,,,
REPORTE GENERAL,C21,=C20-C11,,FORMULA,0.00,f,,,,,,,,
REPORTE GENERAL,D21,=D20-D11,,FORMULA,0.00,f,,,,,,,,
REPORTE GENERAL,C22,=C21-C20,,FORMULA,0.00,f,,,,,,,,
REPORTE GENERAL,C24,=(RAMALES!E15),,FORMULA,0.00,f,,,5.0,,,,,
REPORTE GENERAL,D24,=(RAMALES!#REF!),,FORMULA,0.00,f,,,,,,,,
REPORTE GENERAL,H28,='CALCULO DE BOMBA'!E10,,FORMULA,0.00,f,,CALCULO DE BOMBA,,,,,,
REPORTE GENERAL,C29,=C24+C25+C26+C27+C28,,FORMULA,0.00,f,,,4.0; 5.0; 6.0; 7.0; 8.0,,,,,
REPORTE GENERAL,H29,='CALCULO DE BOMBA'!E14,,FORMULA,0.00,f,,CALCULO DE BOMBA,4.0,,,,,
REPORTE GENERAL,C30,=C22+C29,,FORMULA,0.00,f,,,2.0; 9.0,,,,,
