sheet,cell,value,data_type,number_format,is_formula
CAIDA PRESION DE TUBERIA,G5,770.5,n,General,False
CAIDA PRESION DE TUBERIA,G6,8.6,n,0.00,False
CAIDA PRESION DE TUBERIA,V6,3.12,n,General,False
CAIDA PRESION DE TUBERIA,G7,0.639,n,0.000,False
CAIDA PRESION DE TUBERIA,V7,0.639,n,0.000,False
CAIDA PRESION DE TUBERIA,G12,6,n,0.0,False
CAIDA PRESION DE TUBERIA,V12,10,n,General,False
CAIDA PRESION DE TUBERIA,G17,0.0272,n,0.0000,False
CAIDA PRESION DE TUBERIA,V17,0.0272,n,0.0000,False
CAIDA PRESION DE TUBERIA,G18,1.2,n,General,False
CAIDA PRESION DE TUBERIA,V18,1.2,n,General,False
CAIDA PRESION DE TUBERIA,A20,6,n,General,False
CAIDA PRESION DE TUBERIA,B20,6,n,General,False
CAIDA PRESION DE TUBERIA,A21,1,n,General,False
CAIDA PRESION DE TUBERIA,B21,1,n,General,False
CALCULO DE BOMBA,C6,1,n,0.00,False
CALCULO DE BOMBA,E8,0,n,0.00,False
CALCULO DE BOMBA,E10,1.64,n,0.00,False
CALCULO DE BOMBA,C20,6.92,n,0.00,False
CALCULO DE BOMBA,C22,0.72,n,0.00,False
CALCULO DE BOMBA,C29,3600,n,0.00,False
CALCULO DE BOMBA,A32,9,n,General,False
CALCULO DE BOMBA,A33,3,n,General,False
CALCULO DE BOMBA,A34,15,n,General,False
TABLA DE ACCESORIOS DESCARGA,E1,2,n,General,False
TABLA DE ACCESORIOS DESCARGA,H2,8.6,n,General,False
TABLA DE ACCESORIOS DESCARGA,K3,11,n,General,False
TABLA DE ACCESORIOS DESCARGA,AJ3,1,n,General,False
TABLA DE ACCESORIOS DESCARGA,K4,9,n,General,False
TABLA DE ACCESORIOS DESCARGA,AJ4,1,n,General,False
TABLA DE ACCESORIOS DESCARGA,K5,9,n,General,False
TABLA DE ACCESORIOS DESCARGA,AJ5,1,n,General,False
TABLA DE ACCESORIOS DESCARGA,K6,5,n,General,False
TABLA DE ACCESORIOS DESCARGA,AJ6,1,n,General,False
TABLA DE ACCESORIOS DESCARGA,B7,1,n,0,False
TABLA DE ACCESORIOS DESCARGA,F7,8,n,0,False
TABLA DE ACCESORIOS DESCARGA,H7,2,n,0,False
TABLA DE ACCESORIOS DESCARGA,K7,9,n,General,False
TABLA DE ACCESORIOS DESCARGA,N7,2,n,General,False
TABLA DE ACCESORIOS DESCARGA,O7,0.2739259259259259,n,General,False
TABLA DE ACCESORIOS DESCARGA,R7,0,n,General,False
TABLA DE ACCESORIOS DESCARGA,S7,0,n,General,False
TABLA DE ACCESORIOS DESCARGA,X7,0,n,General,False
TABLA DE ACCESORIOS DESCARGA,Y7,0,n,General,False
TABLA DE ACCESORIOS DESCARGA,AB7,0,n,General,False
TABLA DE ACCESORIOS DESCARGA,AC7,0,n,General,False
TABLA DE ACCESORIOS DESCARGA,AF7,0,n,General,False
TABLA DE ACCESORIOS DESCARGA,AG7,0,n,General,False
TABLA DE ACCESORIOS DESCARGA,AJ7,1,n,General,False
TABLA DE ACCESORIOS DESCARGA,B8,2,n,0,False
TABLA DE ACCESORIOS DESCARGA,F8,12,n,0,False
TABLA DE ACCESORIOS DESCARGA,H8,0,n,0,False
TABLA DE ACCESORIOS DESCARGA,K8,8,n,General,False
TABLA DE ACCESORIOS DESCARGA,N8,0,n,General,False
TABLA DE ACCESORIOS DESCARGA,O8,0,n,General,False
TABLA DE ACCESORIOS DESCARGA,R8,0,n,General,False
TABLA DE ACCESORIOS DESCARGA,S8,0,n,General,False
TABLA DE ACCESORIOS DESCARGA,X8,0,n,General,False
TABLA DE ACCESORIOS DESCARGA,Y8,0,n,General,False
TABLA DE ACCESORIOS DESCARGA,AB8,0,n,General,False
TABLA DE ACCESORIOS DESCARGA,AC8,0,n,General,False
TABLA DE ACCESORIOS DESCARGA,AF8,0,n,General,False
TABLA DE ACCESORIOS DESCARGA,AG8,0,n,General,False
TABLA DE ACCESORIOS DESCARGA,AJ8,1,n,General,False
TABLA DE ACCESORIOS DESCARGA,B9,3,n,0,False
TABLA DE ACCESORIOS DESCARGA,F9,17,n,0,False
TABLA DE ACCESORIOS DESCARGA,H9,0,n,0,False
TABLA DE ACCESORIOS DESCARGA,K9,5,n,General,False
TABLA DE ACCESORIOS DESCARGA,N9,0,n,General,False
TABLA DE ACCESORIOS DESCARGA,O9,0,n,General,False
TABLA DE ACCESORIOS DESCARGA,R9,0,n,General,False
TABLA DE ACCESORIOS DESCARGA,S9,0,n,General,False
TABLA DE ACCESORIOS DESCARGA,X9,0,n,General,False
TABLA DE ACCESORIOS DESCARGA,Y9,0,n,General,False
TABLA DE ACCESORIOS DESCARGA,AB9,0,n,General,False
TABLA DE ACCESORIOS DESCARGA,AC9,0,n,General,False
TABLA DE ACCESORIOS DESCARGA,AF9,0,n,General,False
TABLA DE ACCESORIOS DESCARGA,AG9,0,n,General,False
TABLA DE ACCESORIOS DESCARGA,AJ9,1,n,General,False
TABLA DE ACCESORIOS DESCARGA,B10,2,n,0,False
TABLA DE ACCESORIOS DESCARGA,F10,340,n,0,False
TABLA DE ACCESORIOS DESCARGA,H10,0,n,0,False
TABLA DE ACCESORIOS DESCARGA,K10,5,n,General,False
TABLA DE ACCESORIOS DESCARGA,N10,0,n,General,False
TABLA DE ACCESORIOS DESCARGA,O10,0,n,General,False
TABLA DE ACCESORIOS DESCARGA,R10,0,n,General,False
TABLA DE ACCESORIOS DESCARGA,S10,0,n,General,False
TABLA DE ACCESORIOS DESCARGA,X10,0,n,General,False
TABLA DE ACCESORIOS DESCARGA,Y10,0,n,General,False
TABLA DE ACCESORIOS DESCARGA,AB10,0,n,General,False
TABLA DE ACCESORIOS DESCARGA,AC10,0,n,General,False
TABLA DE ACCESORIOS DESCARGA,AF10,0,n,General,False
TABLA DE ACCESORIOS DESCARGA,AG10,0,n,General,False
TABLA DE ACCESORIOS DESCARGA,AJ10,1,n,General,False
TABLA DE ACCESORIOS DESCARGA,B11,3,n,0,False
TABLA DE ACCESORIOS DESCARGA,F11,400,n,0,False
TABLA DE ACCESORIOS DESCARGA,H11,0,n,0,False
TABLA DE ACCESORIOS DESCARGA,K11,11,n,General,False
TABLA DE ACCESORIOS DESCARGA,N11,0,n,General,False
TABLA DE ACCESORIOS DESCARGA,O11,0,n,General,False
TABLA DE ACCESORIOS DESCARGA,R11,0,n,General,False
TABLA DE ACCESORIOS DESCARGA,S11,0,n,General,False
TABLA DE ACCESORIOS DESCARGA,X11,0,n,General,False
TABLA DE ACCESORIOS DESCARGA,Y11,0,n,General,False
TABLA DE ACCESORIOS DESCARGA,AB11,0,n,General,False
TABLA DE ACCESORIOS DESCARGA,AC11,0,n,General,False
TABLA DE ACCESORIOS DESCARGA,AF11,0,n,General,False
TABLA DE ACCESORIOS DESCARGA,AG11,0,n,General,False
TABLA DE ACCESORIOS DESCARGA,AJ11,1,n,General,False
TABLA DE ACCESORIOS DESCARGA,B12,2,n,0,False
TABLA DE ACCESORIOS DESCARGA,F12,55,n,0,False
TABLA DE ACCESORIOS DESCARGA,H12,0,n,0,False
TABLA DE ACCESORIOS DESCARGA,K12,11,n,General,False
TABLA DE ACCESORIOS DESCARGA,N12,0,n,General,False
TABLA DE ACCESORIOS DESCARGA,O12,0,n,General,False
TABLA DE ACCESORIOS DESCARGA,R12,0,n,General,False
TABLA DE ACCESORIOS DESCARGA,S12,0,n,General,False
TABLA DE ACCESORIOS DESCARGA,X12,0,n,General,False
TABLA DE ACCESORIOS DESCARGA,Y12,0,n,General,False
TABLA DE ACCESORIOS DESCARGA,AB12,0,n,General,False
TABLA DE ACCESORIOS DESCARGA,AC12,0,n,General,False
TABLA DE ACCESORIOS DESCARGA,AF12,0,n,General,False
TABLA DE ACCESORIOS DESCARGA,AG12,0,n,General,False
TABLA DE ACCESORIOS DESCARGA,AJ12,1,n,General,False
TABLA DE ACCESORIOS DESCARGA,B13,3,n,0,False
TABLA DE ACCESORIOS DESCARGA,F13,55,n,0,False
TABLA DE ACCESORIOS DESCARGA,H13,0,n,0,False
TABLA DE ACCESORIOS DESCARGA,K13,8,n,General,False
TABLA DE ACCESORIOS DESCARGA,N13,0,n,General,False
TABLA DE ACCESORIOS DESCARGA,O13,0,n,General,False
TABLA DE ACCESORIOS DESCARGA,R13,0,n,General,False
TABLA DE ACCESORIOS DESCARGA,S13,0,n,General,False
TABLA DE ACCESORIOS DESCARGA,X13,0,n,General,False
TABLA DE ACCESORIOS DESCARGA,Y13,0,n,General,False
TABLA DE ACCESORIOS DESCARGA,AB13,0,n,General,False
TABLA DE ACCESORIOS DESCARGA,AC13,0,n,General,False
TABLA DE ACCESORIOS DESCARGA,AF13,0,n,General,False
TABLA DE ACCESORIOS DESCARGA,AG13,0,n,General,False
TABLA DE ACCESORIOS DESCARGA,AJ13,1,n,General,False
TABLA DE ACCESORIOS DESCARGA,B14,4,n,0,False
TABLA DE ACCESORIOS DESCARGA,F14,55,n,0,False
TABLA DE ACCESORIOS DESCARGA,H14,0,n,0,False
TABLA DE ACCESORIOS DESCARGA,K14,5,n,General,False
TABLA DE ACCESORIOS DESCARGA,N14,0,n,General,False
TABLA DE ACCESORIOS DESCARGA,O14,0,n,General,False
TABLA DE ACCESORIOS DESCARGA,R14,0,n,General,False
TABLA DE ACCESORIOS DESCARGA,S14,0,n,General,False
TABLA DE ACCESORIOS DESCARGA,X14,0,n,General,False
TABLA DE ACCESORIOS DESCARGA,Y14,0,n,General,False
TABLA DE ACCESORIOS DESCARGA,AB14,0,n,General,False
TABLA DE ACCESORIOS DESCARGA,AC14,0,n,General,False
TABLA DE ACCESORIOS DESCARGA,AF14,0,n,General,False
TABLA DE ACCESORIOS DESCARGA,AG14,0,n,General,False
TABLA DE ACCESORIOS DESCARGA,AJ14,1,n,General,False
TABLA DE ACCESORIOS DESCARGA,B15,5,n,0,False
TABLA DE ACCESORIOS DESCARGA,F15,150,n,0,False
TABLA DE ACCESORIOS DESCARGA,H15,1,n,0,False
TABLA DE ACCESORIOS DESCARGA,K15,5,n,General,False
TABLA DE ACCESORIOS DESCARGA,N15,1,n,General,False
TABLA DE ACCESORIOS DESCARGA,O15,2.5680555555555555,n,General,False
TABLA DE ACCESORIOS DESCARGA,R15,0,n,General,False
TABLA DE ACCESORIOS DESCARGA,S15,0,n,General,False
TABLA DE ACCESORIOS DESCARGA,X15,0,n,General,False
TABLA DE ACCESORIOS DESCARGA,Y15,0,n,General,False
TABLA DE ACCESORIOS DESCARGA,AB15,0,n,General,False
TABLA DE ACCESORIOS DESCARGA,AC15,0,n,General,False
TABLA DE ACCESORIOS DESCARGA,AF15,0,n,General,False
TABLA DE ACCESORIOS DESCARGA,AG15,0,n,General,False
TABLA DE ACCESORIOS DESCARGA,AJ15,1,n,General,False
TABLA DE ACCESORIOS DESCARGA,B16,6,n,0,False
TABLA DE ACCESORIOS DESCARGA,F16,100,n,0,False
TABLA DE ACCESORIOS DESCARGA,H16,0,n,0,False
TABLA DE ACCESORIOS DESCARGA,K16,5,n,General,False
TABLA DE ACCESORIOS DESCARGA,N16,0,n,General,False
TABLA DE ACCESORIOS DESCARGA,O16,0,n,General,False
TABLA DE ACCESORIOS DESCARGA,R16,0,n,General,False
TABLA DE ACCESORIOS DESCARGA,S16,0,n,General,False
TABLA DE ACCESORIOS DESCARGA,X16,0,n,General,False
TABLA DE ACCESORIOS DESCARGA,Y16,0,n,General,False
TABLA DE ACCESORIOS DESCARGA,AB16,0,n,General,False
TABLA DE ACCESORIOS DESCARGA,AC16,0,n,General,False
TABLA DE ACCESORIOS DESCARGA,AF16,0,n,General,False
TABLA DE ACCESORIOS DESCARGA,AG16,0,n,General,False
TABLA DE ACCESORIOS DESCARGA,AJ16,1,n,General,False
TABLA DE ACCESORIOS DESCARGA,B17,7,n,0,False
TABLA DE ACCESORIOS DESCARGA,F17,600,n,0,False
TABLA DE ACCESORIOS DESCARGA,H17,0,n,0,False
TABLA DE ACCESORIOS DESCARGA,K17,11,n,General,False
TABLA DE ACCESORIOS DESCARGA,N17,0,n,General,False
TABLA DE ACCESORIOS DESCARGA,O17,0,n,General,False
TABLA DE ACCESORIOS DESCARGA,R17,0,n,General,False
TABLA DE ACCESORIOS DESCARGA,S17,0,n,General,False
TABLA DE ACCESORIOS DESCARGA,X17,0,n,General,False
TABLA DE ACCESORIOS DESCARGA,Y17,0,n,General,False
TABLA DE ACCESORIOS DESCARGA,AB17,0,n,General,False
TABLA DE ACCESORIOS DESCARGA,AC17,0,n,General,False
TABLA DE ACCESORIOS DESCARGA,AF17,0,n,General,False
TABLA DE ACCESORIOS DESCARGA,AG17,0,n,General,False
TABLA DE ACCESORIOS DESCARGA,AJ17,1,n,General,False
TABLA DE ACCESORIOS DESCARGA,B18,8,n,0,False
TABLA DE ACCESORIOS DESCARGA,F18,90,n,0,False
TABLA DE ACCESORIOS DESCARGA,H18,0,n,0,False
TABLA DE ACCESORIOS DESCARGA,K18,1,n,General,False
TABLA DE ACCESORIOS DESCARGA,N18,0,n,General,False
TABLA DE ACCESORIOS DESCARGA,O18,0,n,General,False
TABLA DE ACCESORIOS DESCARGA,R18,0,n,General,False
TABLA DE ACCESORIOS DESCARGA,S18,0,n,General,False
TABLA DE ACCESORIOS DESCARGA,X18,0,n,General,False
TABLA DE ACCESORIOS DESCARGA,Y18,0,n,General,False
TABLA DE ACCESORIOS DESCARGA,AB18,0,n,General,False
TABLA DE ACCESORIOS DESCARGA,AC18,0,n,General,False
TABLA DE ACCESORIOS DESCARGA,AF18,0,n,General,False
TABLA DE ACCESORIOS DESCARGA,AG18,0,n,General,False
TABLA DE ACCESORIOS DESCARGA,AJ18,1,n,General,False
TABLA DE ACCESORIOS DESCARGA,B19,9,n,0,False
TABLA DE ACCESORIOS DESCARGA,F19,75,n,0,False
TABLA DE ACCESORIOS DESCARGA,H19,0,n,0,False
TABLA DE ACCESORIOS DESCARGA,K19,1,n,General,False
TABLA DE ACCESORIOS DESCARGA,N19,0,n,General,False
TABLA DE ACCESORIOS DESCARGA,O19,0,n,General,False
TABLA DE ACCESORIOS DESCARGA,R19,0,n,General,False
TABLA DE ACCESORIOS DESCARGA,S19,0,n,General,False
TABLA DE ACCESORIOS DESCARGA,X19,0,n,General,False
TABLA DE ACCESORIOS DESCARGA,Y19,0,n,General,False
TABLA DE ACCESORIOS DESCARGA,AB19,0,n,General,False
TABLA DE ACCESORIOS DESCARGA,AC19,0,n,General,False
TABLA DE ACCESORIOS DESCARGA,AF19,0,n,General,False
TABLA DE ACCESORIOS DESCARGA,AG19,0,n,General,False
TABLA DE ACCESORIOS DESCARGA,AJ19,1,n,General,False
TABLA DE ACCESORIOS DESCARGA,B20,10,n,0,False
TABLA DE ACCESORIOS DESCARGA,F20,420,n,0,False
TABLA DE ACCESORIOS DESCARGA,H20,0,n,0,False
TABLA DE ACCESORIOS DESCARGA,K20,11,n,General,False
TABLA DE ACCESORIOS DESCARGA,N20,0,n,General,False
TABLA DE ACCESORIOS DESCARGA,O20,0,n,General,False
TABLA DE ACCESORIOS DESCARGA,R20,0,n,General,False
TABLA DE ACCESORIOS DESCARGA,S20,0,n,General,False
TABLA DE ACCESORIOS DESCARGA,X20,0,n,General,False
TABLA DE ACCESORIOS DESCARGA,Y20,0,n,General,False
TABLA DE ACCESORIOS DESCARGA,AB20,0,n,General,False
TABLA DE ACCESORIOS DESCARGA,AC20,0,n,General,False
TABLA DE ACCESORIOS DESCARGA,AF20,0,n,General,False
TABLA DE ACCESORIOS DESCARGA,AG20,0,n,General,False
TABLA DE ACCESORIOS DESCARGA,AJ20,1,n,General,False
TABLA DE ACCESORIOS DESCARGA,B21,11,n,0,False
TABLA DE ACCESORIOS DESCARGA,F21,5.5,n,0,False
TABLA DE ACCESORIOS DESCARGA,H21,0,n,0,False
TABLA DE ACCESORIOS DESCARGA,K21,15,n,General,False
TABLA DE ACCESORIOS DESCARGA,N21,0,n,General,False
TABLA DE ACCESORIOS DESCARGA,O21,0,n,General,False
TABLA DE ACCESORIOS DESCARGA,R21,0,n,General,False
TABLA DE ACCESORIOS DESCARGA,S21,0,n,General,False
TABLA DE ACCESORIOS DESCARGA,X21,0,n,General,False
TABLA DE ACCESORIOS DESCARGA,Y21,0,n,General,False
TABLA DE ACCESORIOS DESCARGA,AB21,0,n,General,False
TABLA DE ACCESORIOS DESCARGA,AC21,0,n,General,False
TABLA DE ACCESORIOS DESCARGA,AF21,0,n,General,False
TABLA DE ACCESORIOS DESCARGA,AG21,0,n,General,False
TABLA DE ACCESORIOS DESCARGA,AJ21,1,n,General,False
TABLA DE ACCESORIOS DESCARGA,B22,12,n,0,False
TABLA DE ACCESORIOS DESCARGA,F22,45,n,0,False
TABLA DE ACCESORIOS DESCARGA,H22,0,n,0,False
TABLA DE ACCESORIOS DESCARGA,K22,15,n,General,False
TABLA DE ACCESORIOS DESCARGA,N22,0,n,General,False
TABLA DE ACCESORIOS DESCARGA,O22,0,n,General,False
TABLA DE ACCESORIOS DESCARGA,R22,0,n,General,False
TABLA DE ACCESORIOS DESCARGA,S22,0,n,General,False
TABLA DE ACCESORIOS DESCARGA,X22,0,n,General,False
TABLA DE ACCESORIOS DESCARGA,Y22,0,n,General,False
TABLA DE ACCESORIOS DESCARGA,AB22,0,n,General,False
TABLA DE ACCESORIOS DESCARGA,AC22,0,n,General,False
TABLA DE ACCESORIOS DESCARGA,AF22,0,n,General,False
TABLA DE ACCESORIOS DESCARGA,AG22,0,n,General,False
TABLA DE ACCESORIOS DESCARGA,AJ22,1,n,General,False
TABLA DE ACCESORIOS DESCARGA,B23,13,n,0,False
TABLA DE ACCESORIOS DESCARGA,F23,30,n,0,False
TABLA DE ACCESORIOS DESCARGA,H23,0,n,0,False
TABLA DE ACCESORIOS DESCARGA,K23,15,n,General,False
TABLA DE ACCESORIOS DESCARGA,N23,0,n,General,False
TABLA DE ACCESORIOS DESCARGA,O23,0,n,General,False
TABLA DE ACCESORIOS DESCARGA,R23,0,n,General,False
TABLA DE ACCESORIOS DESCARGA,S23,0,n,General,False
TABLA DE ACCESORIOS DESCARGA,X23,0,n,General,False
TABLA DE ACCESORIOS DESCARGA,Y23,0,n,General,False
TABLA DE ACCESORIOS DESCARGA,AB23,0,n,General,False
TABLA DE ACCESORIOS DESCARGA,AC23,0,n,General,False
TABLA DE ACCESORIOS DESCARGA,AF23,0,n,General,False
TABLA DE ACCESORIOS DESCARGA,AG23,0,n,General,False
TABLA DE ACCESORIOS DESCARGA,AJ23,1,n,General,False
TABLA DE ACCESORIOS DESCARGA,B24,14,n,0,False
TABLA DE ACCESORIOS DESCARGA,F24,18,n,0,False
TABLA DE ACCESORIOS DESCARGA,H24,0,n,0,False
TABLA DE ACCESORIOS DESCARGA,K24,15,n,General,False
TABLA DE ACCESORIOS DESCARGA,N24,0,n,General,False
TABLA DE ACCESORIOS DESCARGA,O24,0,n,General,False
TABLA DE ACCESORIOS DESCARGA,R24,0,n,General,False
TABLA DE ACCESORIOS DESCARGA,S24,0,n,General,False
TABLA DE ACCESORIOS DESCARGA,X24,0,n,General,False
TABLA DE ACCESORIOS DESCARGA,Y24,0,n,General,False
TABLA DE ACCESORIOS DESCARGA,AB24,0,n,General,False
TABLA DE ACCESORIOS DESCARGA,AC24,0,n,General,False
TABLA DE ACCESORIOS DESCARGA,AF24,0,n,General,False
TABLA DE ACCESORIOS DESCARGA,AG24,0,n,General,False
TABLA DE ACCESORIOS DESCARGA,AJ24,1,n,General,False
TABLA DE ACCESORIOS DESCARGA,B25,15,n,0,False
TABLA DE ACCESORIOS DESCARGA,F25,30,n,0,False
TABLA DE ACCESORIOS DESCARGA,H25,0,n,0,False
TABLA DE ACCESORIOS DESCARGA,K25,11,n,General,False
TABLA DE ACCESORIOS DESCARGA,N25,0,n,General,False
TABLA DE ACCESORIOS DESCARGA,O25,0,n,General,False
TABLA DE ACCESORIOS DESCARGA,R25,0,n,General,False
TABLA DE ACCESORIOS DESCARGA,S25,0,n,General,False
TABLA DE ACCESORIOS DESCARGA,X25,0,n,General,False
TABLA DE ACCESORIOS DESCARGA,Y25,0,n,General,False
TABLA DE ACCESORIOS DESCARGA,AB25,0,n,General,False
TABLA DE ACCESORIOS DESCARGA,AC25,0,n,General,False
TABLA DE ACCESORIOS DESCARGA,AF25,0,n,General,False
TABLA DE ACCESORIOS DESCARGA,AG25,0,n,General,False
TABLA DE ACCESORIOS DESCARGA,AJ25,1,n,General,False
TABLA DE ACCESORIOS DESCARGA,B26,16,n,0,False
TABLA DE ACCESORIOS DESCARGA,F26,16,n,0,False
TABLA DE ACCESORIOS DESCARGA,H26,0,n,0,False
TABLA DE ACCESORIOS DESCARGA,K26,11,n,General,False
TABLA DE ACCESORIOS DESCARGA,N26,0,n,General,False
TABLA DE ACCESORIOS DESCARGA,O26,0,n,General,False
TABLA DE ACCESORIOS DESCARGA,R26,0,n,General,False
TABLA DE ACCESORIOS DESCARGA,S26,0,n,General,False
TABLA DE ACCESORIOS DESCARGA,X26,0,n,General,False
TABLA DE ACCESORIOS DESCARGA,Y26,0,n,General,False
TABLA DE ACCESORIOS DESCARGA,AB26,0,n,General,False
TABLA DE ACCESORIOS DESCARGA,AC26,0,n,General,False
TABLA DE ACCESORIOS DESCARGA,AF26,0,n,General,False
TABLA DE ACCESORIOS DESCARGA,AG26,0,n,General,False
TABLA DE ACCESORIOS DESCARGA,AJ26,1,n,General,False
TABLA DE ACCESORIOS DESCARGA,B27,17,n,0,False
TABLA DE ACCESORIOS DESCARGA,F27,60,n,0,False
TABLA DE ACCESORIOS DESCARGA,H27,0,n,0,False
TABLA DE ACCESORIOS DESCARGA,K27,11,n,General,False
TABLA DE ACCESORIOS DESCARGA,N27,0,n,General,False
TABLA DE ACCESORIOS DESCARGA,O27,0,n,General,False
TABLA DE ACCESORIOS DESCARGA,R27,0,n,General,False
TABLA DE ACCESORIOS DESCARGA,S27,0,n,General,False
TABLA DE ACCESORIOS DESCARGA,X27,0,n,General,False
TABLA DE ACCESORIOS DESCARGA,Y27,0,n,General,False
TABLA DE ACCESORIOS DESCARGA,AB27,0,n,General,False
TABLA DE ACCESORIOS DESCARGA,AC27,0,n,General,False
TABLA DE ACCESORIOS DESCARGA,AF27,0,n,General,False
TABLA DE ACCESORIOS DESCARGA,AG27,0,n,General,False
TABLA DE ACCESORIOS DESCARGA,AJ27,1,n,General,False
TABLA DE ACCESORIOS DESCARGA,B28,18,n,0,False
TABLA DE ACCESORIOS DESCARGA,F28,15,n,0,False
TABLA DE ACCESORIOS DESCARGA,H28,0,n,0,False
TABLA DE ACCESORIOS DESCARGA,K28,12,n,General,False
TABLA DE ACCESORIOS DESCARGA,N28,0,n,General,False
TABLA DE ACCESORIOS DESCARGA,O28,0,n,General,False
TABLA DE ACCESORIOS DESCARGA,R28,0,n,General,False
TABLA DE ACCESORIOS DESCARGA,S28,0,n,General,False
TABLA DE ACCESORIOS DESCARGA,X28,0,n,General,False
TABLA DE ACCESORIOS DESCARGA,Y28,0,n,General,False
TABLA DE ACCESORIOS DESCARGA,AB28,0,n,General,False
TABLA DE ACCESORIOS DESCARGA,AC28,0,n,General,False
TABLA DE ACCESORIOS DESCARGA,AF28,0,n,General,False
TABLA DE ACCESORIOS DESCARGA,AG28,0,n,General,False
TABLA DE ACCESORIOS DESCARGA,AJ28,1,n,General,False
TABLA DE ACCESORIOS DESCARGA,B29,19,n,0,False
TABLA DE ACCESORIOS DESCARGA,F29,20,n,0,False
TABLA DE ACCESORIOS DESCARGA,H29,0,n,0,False
TABLA DE ACCESORIOS DESCARGA,K29,5,n,General,False
TABLA DE ACCESORIOS DESCARGA,N29,0,n,General,False
TABLA DE ACCESORIOS DESCARGA,O29,0,n,General,False
TABLA DE ACCESORIOS DESCARGA,R29,0,n,General,False
TABLA DE ACCESORIOS DESCARGA,S29,0,n,General,False
TABLA DE ACCESORIOS DESCARGA,X29,0,n,General,False
TABLA DE ACCESORIOS DESCARGA,Y29,0,n,General,False
TABLA DE ACCESORIOS DESCARGA,AB29,0,n,General,False
TABLA DE ACCESORIOS DESCARGA,AC29,0,n,General,False
TABLA DE ACCESORIOS DESCARGA,AF29,0,n,General,False
TABLA DE ACCESORIOS DESCARGA,AG29,0,n,General,False
TABLA DE ACCESORIOS DESCARGA,AJ29,1,n,General,False
TABLA DE ACCESORIOS DESCARGA,B30,20,n,0,False
TABLA DE ACCESORIOS DESCARGA,F30,17,n,0,False
TABLA DE ACCESORIOS DESCARGA,H30,0,n,0,False
TABLA DE ACCESORIOS DESCARGA,K30,5,n,General,False
TABLA DE ACCESORIOS DESCARGA,N30,0,n,General,False
TABLA DE ACCESORIOS DESCARGA,O30,0,n,General,False
TABLA DE ACCESORIOS DESCARGA,R30,0,n,General,False
TABLA DE ACCESORIOS DESCARGA,S30,0,n,General,False
TABLA DE ACCESORIOS DESCARGA,X30,0,n,General,False
TABLA DE ACCESORIOS DESCARGA,Y30,0,n,General,False
TABLA DE ACCESORIOS DESCARGA,AB30,0,n,General,False
TABLA DE ACCESORIOS DESCARGA,AC30,0,n,General,False
TABLA DE ACCESORIOS DESCARGA,AF30,0,n,General,False
TABLA DE ACCESORIOS DESCARGA,AG30,0,n,General,False
TABLA DE ACCESORIOS DESCARGA,AJ30,1,n,General,False
TABLA DE ACCESORIOS DESCARGA,B31,21,n,0,False
TABLA DE ACCESORIOS DESCARGA,F31,15,n,0,False
TABLA DE ACCESORIOS DESCARGA,H31,0,n,0,False
TABLA DE ACCESORIOS DESCARGA,K31,5,n,General,False
TABLA DE ACCESORIOS DESCARGA,N31,0,n,General,False
TABLA DE ACCESORIOS DESCARGA,O31,0,n,General,False
TABLA DE ACCESORIOS DESCARGA,R31,0,n,General,False
TABLA DE ACCESORIOS DESCARGA,S31,0,n,General,False
TABLA DE ACCESORIOS DESCARGA,X31,0,n,General,False
TABLA DE ACCESORIOS DESCARGA,Y31,0,n,General,False
TABLA DE ACCESORIOS DESCARGA,AB31,0,n,General,False
TABLA DE ACCESORIOS DESCARGA,AC31,0,n,General,False
TABLA DE ACCESORIOS DESCARGA,AF31,0,n,General,False
TABLA DE ACCESORIOS DESCARGA,AG31,0,n,General,False
TABLA DE ACCESORIOS DESCARGA,AJ31,1,n,General,False
TABLA DE ACCESORIOS DESCARGA,B32,22,n,0,False
TABLA DE ACCESORIOS DESCARGA,F32,60,n,0,False
TABLA DE ACCESORIOS DESCARGA,H32,0,n,0,False
TABLA DE ACCESORIOS DESCARGA,K32,5,n,General,False
TABLA DE ACCESORIOS DESCARGA,N32,0,n,General,False
TABLA DE ACCESORIOS DESCARGA,O32,0,n,General,False
TABLA DE ACCESORIOS DESCARGA,R32,0,n,General,False
TABLA DE ACCESORIOS DESCARGA,S32,0,n,General,False
TABLA DE ACCESORIOS DESCARGA,X32,0,n,General,False
TABLA DE ACCESORIOS DESCARGA,Y32,0,n,General,False
TABLA DE ACCESORIOS DESCARGA,AB32,0,n,General,False
TABLA DE ACCESORIOS DESCARGA,AC32,0,n,General,False
TABLA DE ACCESORIOS DESCARGA,AF32,0,n,General,False
TABLA DE ACCESORIOS DESCARGA,AG32,0,n,General,False
TABLA DE ACCESORIOS DESCARGA,AJ32,1,n,General,False
TABLA DE ACCESORIOS DESCARGA,B33,23,n,0,False
TABLA DE ACCESORIOS DESCARGA,F33,0.24,n,0.00,False
TABLA DE ACCESORIOS DESCARGA,H33,0,n,0,False
TABLA DE ACCESORIOS DESCARGA,K33,5,n,General,False
TABLA DE ACCESORIOS DESCARGA,N33,0,n,General,False
TABLA DE ACCESORIOS DESCARGA,O33,0,n,General,False
TABLA DE ACCESORIOS DESCARGA,R33,0,n,General,False
TABLA DE ACCESORIOS DESCARGA,S33,0,n,General,False
TABLA DE ACCESORIOS DESCARGA,X33,0,n,General,False
TABLA DE ACCESORIOS DESCARGA,Y33,0,n,General,False
TABLA DE ACCESORIOS DESCARGA,AB33,0,n,General,False
TABLA DE ACCESORIOS DESCARGA,AC33,0,n,General,False
TABLA DE ACCESORIOS DESCARGA,AF33,0,n,General,False
TABLA DE ACCESORIOS DESCARGA,AG33,0,n,General,False
TABLA DE ACCESORIOS DESCARGA,AJ33,1,n,General,False
TABLA DE ACCESORIOS DESCARGA,B34,24,n,0,False
TABLA DE ACCESORIOS DESCARGA,F34,0.78,n,0.00,False
TABLA DE ACCESORIOS DESCARGA,H34,0,n,0,False
TABLA DE ACCESORIOS DESCARGA,K34,15,n,General,False
TABLA DE ACCESORIOS DESCARGA,N34,0,n,General,False
TABLA DE ACCESORIOS DESCARGA,O34,0,n,General,False
TABLA DE ACCESORIOS DESCARGA,R34,0,n,General,False
TABLA DE ACCESORIOS DESCARGA,S34,0,n,General,False
TABLA DE ACCESORIOS DESCARGA,X34,0,n,General,False
TABLA DE ACCESORIOS DESCARGA,Y34,0,n,General,False
TABLA DE ACCESORIOS DESCARGA,AB34,0,n,General,False
TABLA DE ACCESORIOS DESCARGA,AC34,0,n,General,False
TABLA DE ACCESORIOS DESCARGA,AF34,0,n,General,False
TABLA DE ACCESORIOS DESCARGA,AG34,0,n,General,False
TABLA DE ACCESORIOS DESCARGA,AJ34,1,n,General,False
TABLA DE ACCESORIOS DESCARGA,B35,25,n,0,False
TABLA DE ACCESORIOS DESCARGA,F35,1,n,0,False
TABLA DE ACCESORIOS DESCARGA,H35,0,n,0,False
TABLA DE ACCESORIOS DESCARGA,K35,11,n,General,False
TABLA DE ACCESORIOS DESCARGA,N35,0,n,General,False
TABLA DE ACCESORIOS DESCARGA,O35,0,n,General,False
TABLA DE ACCESORIOS DESCARGA,R35,0,n,General,False
TABLA DE ACCESORIOS DESCARGA,S35,0,n,General,False
TABLA DE ACCESORIOS DESCARGA,X35,0,n,General,False
TABLA DE ACCESORIOS DESCARGA,Y35,0,n,General,False
TABLA DE ACCESORIOS DESCARGA,AB35,0,n,General,False
TABLA DE ACCESORIOS DESCARGA,AC35,0,n,General,False
TABLA DE ACCESORIOS DESCARGA,AF35,0,n,General,False
TABLA DE ACCESORIOS DESCARGA,AG35,0,n,General,False
TABLA DE ACCESORIOS DESCARGA,AJ35,1,n,General,False
TABLA DE ACCESORIOS DESCARGA,B36,26,n,0,False
TABLA DE ACCESORIOS DESCARGA,F36,1,n,0,False
TABLA DE ACCESORIOS DESCARGA,H36,0,n,0,False
TABLA DE ACCESORIOS DESCARGA,K36,11,n,General,False
TABLA DE ACCESORIOS DESCARGA,N36,0,n,General,False
TABLA DE ACCESORIOS DESCARGA,O36,0,n,General,False
TABLA DE ACCESORIOS DESCARGA,R36,0,n,General,False
TABLA DE ACCESORIOS DESCARGA,S36,0,n,General,False
TABLA DE ACCESORIOS DESCARGA,X36,0,n,General,False
TABLA DE ACCESORIOS DESCARGA,Y36,0,n,General,False
TABLA DE ACCESORIOS DESCARGA,AB36,0,n,General,False
TABLA DE ACCESORIOS DESCARGA,AC36,0,n,General,False
TABLA DE ACCESORIOS DESCARGA,AF36,0,n,General,False
TABLA DE ACCESORIOS DESCARGA,AG36,0,n,General,False
TABLA DE ACCESORIOS DESCARGA,AJ36,1,n,General,False
TABLA DE ACCESORIOS DESCARGA,B37,27,n,0,False
TABLA DE ACCESORIOS DESCARGA,F37,1,n,0,False
TABLA DE ACCESORIOS DESCARGA,H37,0,n,0,False
TABLA DE ACCESORIOS DESCARGA,N37,0,n,General,False
TABLA DE ACCESORIOS DESCARGA,O37,0,n,General,False
TABLA DE ACCESORIOS DESCARGA,R37,0,n,General,False
TABLA DE ACCESORIOS DESCARGA,S37,0,n,General,False
TABLA DE ACCESORIOS DESCARGA,X37,0,n,General,False
TABLA DE ACCESORIOS DESCARGA,Y37,0,n,General,False
TABLA DE ACCESORIOS DESCARGA,AB37,0,n,General,False
TABLA DE ACCESORIOS DESCARGA,AC37,0,n,General,False
TABLA DE ACCESORIOS DESCARGA,AF37,0,n,General,False
TABLA DE ACCESORIOS DESCARGA,AG37,0,n,General,False
TABLA DE ACCESORIOS DESCARGA,B38,28,n,0,False
TABLA DE ACCESORIOS DESCARGA,F38,50,n,0,False
TABLA DE ACCESORIOS DESCARGA,H38,0,n,0,False
TABLA DE ACCESORIOS DESCARGA,N38,0,n,General,False
TABLA DE ACCESORIOS DESCARGA,O38,0,n,General,False
TABLA DE ACCESORIOS DESCARGA,R38,0,n,General,False
TABLA DE ACCESORIOS DESCARGA,S38,0,n,General,False
TABLA DE ACCESORIOS DESCARGA,X38,0,n,General,False
TABLA DE ACCESORIOS DESCARGA,Y38,0,n,General,False
TABLA DE ACCESORIOS DESCARGA,AB38,0,n,General,False
TABLA DE ACCESORIOS DESCARGA,AC38,0,n,General,False
TABLA DE ACCESORIOS DESCARGA,AF38,0,n,General,False
TABLA DE ACCESORIOS DESCARGA,AG38,0,n,General,False
TABLA DE ACCESORIOS DESCARGA,B39,19,n,0,False
TABLA DE ACCESORIOS DESCARGA,F39,12,n,0,False
TABLA DE ACCESORIOS DESCARGA,H39,3,n,0,False
TABLA DE ACCESORIOS DESCARGA,N39,3,n,General,False
TABLA DE ACCESORIOS DESCARGA,O39,0.6163333333333332,n,General,False
TABLA DE ACCESORIOS DESCARGA,R39,0,n,General,False
TABLA DE ACCESORIOS DESCARGA,S39,0,n,General,False
TABLA DE ACCESORIOS DESCARGA,U39,0.36,n,General,False
TABLA DE ACCESORIOS DESCARGA,X39,0,n,General,False
TABLA DE ACCESORIOS DESCARGA,Y39,0,n,General,False
TABLA DE ACCESORIOS DESCARGA,AB39,0,n,General,False
TABLA DE ACCESORIOS DESCARGA,AC39,0,n,General,False
TABLA DE ACCESORIOS DESCARGA,AF39,0,n,General,False
TABLA DE ACCESORIOS DESCARGA,AG39,0,n,General,False
TABLA DE ACCESORIOS DESCARGA,B40,20,n,0,False
TABLA DE ACCESORIOS DESCARGA,F40,8,n,0,False
TABLA DE ACCESORIOS DESCARGA,H40,0,n,0,False
TABLA DE ACCESORIOS DESCARGA,N40,0,n,General,False
TABLA DE ACCESORIOS DESCARGA,O40,0,n,General,False
TABLA DE ACCESORIOS DESCARGA,R40,0,n,General,False
TABLA DE ACCESORIOS DESCARGA,S40,0,n,General,False
TABLA DE ACCESORIOS DESCARGA,U40,79.77,n,General,False
TABLA DE ACCESORIOS DESCARGA,X40,0,n,General,False
TABLA DE ACCESORIOS DESCARGA,Y40,0,n,General,False
TABLA DE ACCESORIOS DESCARGA,AB40,0,n,General,False
TABLA DE ACCESORIOS DESCARGA,AC40,0,n,General,False
TABLA DE ACCESORIOS DESCARGA,AF40,0,n,General,False
TABLA DE ACCESORIOS DESCARGA,AG40,0,n,General,False
TABLA DE ACCESORIOS DESCARGA,D77,0.016,n,General,False
TABLA DE ACCESORIOS DESCARGA,F77,8,n,General,False
TABLA DE ACCESORIOS DESCARGA,G77,5.05,n,General,False
TABLA DE ACCESORIOS DESCARGA,H77,5.5,n,General,False
TABLA DE ACCESORIOS DESCARGA,D78,0.019,n,General,False
TABLA DE ACCESORIOS DESCARGA,F78,340,n,General,False
TABLA DE ACCESORIOS DESCARGA,G78,2.067,n,General,False
TABLA DE ACCESORIOS DESCARGA,H78,5.5,n,General,False
TABLA DE ACCESORIOS DESCARGA,D79,0.019,n,General,False
TABLA DE ACCESORIOS DESCARGA,F79,340,n,General,False
TABLA DE ACCESORIOS DESCARGA,G79,2.067,n,General,False
TABLA DE ACCESORIOS DESCARGA,H79,5.5,n,General,False
TABLA DE ACCESORIOS DESCARGA,C138,1,n,General,False
TABLA DE ACCESORIOS DESCARGA,C139,1.5,n,General,False
TABLA DE ACCESORIOS DESCARGA,K139,6,n,General,False
TABLA DE ACCESORIOS DESCARGA,C140,2,n,General,False
TABLA DE ACCESORIOS DESCARGA,C141,2.5,n,General,False
TABLA DE ACCESORIOS DESCARGA,C142,3,n,General,False
TABLA DE ACCESORIOS DESCARGA,C143,4,n,General,False
TABLA DE ACCESORIOS DESCARGA,C144,5,n,General,False
TABLA DE ACCESORIOS DESCARGA,C145,6,n,General,False
TABLA DE ACCESORIOS DESCARGA,C146,7,n,General,False
TABLA DE ACCESORIOS DESCARGA,C147,8,n,General,False
TABLA DE ACCESORIOS DESCARGA,C148,9,n,General,False
TABLA DE ACCESORIOS DESCARGA,C149,10,n,General,False
TABLA DE ACCESORIOS DESCARGA,C150,11,n,General,False
TABLA DE ACCESORIOS DESCARGA,C151,12,n,General,False
TABLA DE ACCESORIOS DESCARGA,C152,13,n,General,False
TABLA DE ACCESORIOS DESCARGA,C153,14,n,General,False
TABLA DE ACCESORIOS DESCARGA,C154,15,n,General,False
TABLA DE ACCESORIOS DESCARGA,C155,16,n,General,False
TABLA DE ACCESORIOS DESCARGA,C156,17,n,General,False
TABLA DE ACCESORIOS DESCARGA,C157,18,n,General,False
TABLA DE ACCESORIOS DESCARGA,C158,19,n,General,False
TABLA DE ACCESORIOS DESCARGA,C159,20,n,General,False
TABLA DE ACCESORIOS DESCARGA,C160,21,n,General,False
TABLA DE ACCESORIOS DESCARGA,C161,22,n,General,False
TABLA DE ACCESORIOS DESCARGA,C162,23,n,General,False
TABLA DE ACCESORIOS DESCARGA,C163,24,n,General,False
RAMALES,D8,6,n,0.00,False
RAMALES,D11,36,n,0.00,False
TABLA DE ACCESORIOS SUCCION,K2,13,n,General,False
TABLA DE ACCESORIOS SUCCION,N2,1,n,General,False
TABLA DE ACCESORIOS SUCCION,K3,6,n,General,False
TABLA DE ACCESORIOS SUCCION,N3,1,n,General,False
TABLA DE ACCESORIOS SUCCION,K4,10,n,General,False
TABLA DE ACCESORIOS SUCCION,N4,1,n,General,False
TABLA DE ACCESORIOS SUCCION,K5,6,n,General,False
TABLA DE ACCESORIOS SUCCION,N5,1,n,General,False
TABLA DE ACCESORIOS SUCCION,B6,1,n,0,False
TABLA DE ACCESORIOS SUCCION,F6,8,n,0,False
TABLA DE ACCESORIOS SUCCION,H6,1,n,0,False
TABLA DE ACCESORIOS SUCCION,K6,1,n,General,False
TABLA DE ACCESORIOS SUCCION,N6,1,n,General,False
TABLA DE ACCESORIOS SUCCION,B7,2,n,0,False
TABLA DE ACCESORIOS SUCCION,F7,12,n,0,False
TABLA DE ACCESORIOS SUCCION,K7,2,n,General,False
TABLA DE ACCESORIOS SUCCION,N7,1,n,General,False
TABLA DE ACCESORIOS SUCCION,B8,3,n,0,False
TABLA DE ACCESORIOS SUCCION,F8,17,n,0,False
TABLA DE ACCESORIOS SUCCION,K8,1,n,General,False
TABLA DE ACCESORIOS SUCCION,N8,1,n,General,False
TABLA DE ACCESORIOS SUCCION,B9,2,n,0,False
TABLA DE ACCESORIOS SUCCION,F9,340,n,0,False
TABLA DE ACCESORIOS SUCCION,K9,5,n,General,False
TABLA DE ACCESORIOS SUCCION,N9,1,n,General,False
TABLA DE ACCESORIOS SUCCION,B10,3,n,0,False
TABLA DE ACCESORIOS SUCCION,F10,400,n,0,False
TABLA DE ACCESORIOS SUCCION,K10,6,n,General,False
TABLA DE ACCESORIOS SUCCION,N10,1,n,General,False
TABLA DE ACCESORIOS SUCCION,B11,2,n,0,False
TABLA DE ACCESORIOS SUCCION,F11,55,n,0,False
TABLA DE ACCESORIOS SUCCION,K11,14,n,General,False
TABLA DE ACCESORIOS SUCCION,N11,1,n,General,False
TABLA DE ACCESORIOS SUCCION,B12,3,n,0,False
TABLA DE ACCESORIOS SUCCION,F12,55,n,0,False
TABLA DE ACCESORIOS SUCCION,K12,10,n,General,False
TABLA DE ACCESORIOS SUCCION,N12,1,n,General,False
TABLA DE ACCESORIOS SUCCION,B13,4,n,0,False
TABLA DE ACCESORIOS SUCCION,F13,55,n,0,False
TABLA DE ACCESORIOS SUCCION,K13,17,n,General,False
TABLA DE ACCESORIOS SUCCION,N13,1,n,General,False
TABLA DE ACCESORIOS SUCCION,B14,5,n,0,False
TABLA DE ACCESORIOS SUCCION,F14,150,n,0,False
TABLA DE ACCESORIOS SUCCION,K14,1,n,General,False
TABLA DE ACCESORIOS SUCCION,N14,1,n,General,False
TABLA DE ACCESORIOS SUCCION,B15,6,n,0,False
TABLA DE ACCESORIOS SUCCION,F15,100,n,0,False
TABLA DE ACCESORIOS SUCCION,K15,11,n,General,False
TABLA DE ACCESORIOS SUCCION,N15,1,n,General,False
TABLA DE ACCESORIOS SUCCION,B16,7,n,0,False
TABLA DE ACCESORIOS SUCCION,F16,600,n,0,False
TABLA DE ACCESORIOS SUCCION,K16,12,n,General,False
TABLA DE ACCESORIOS SUCCION,N16,1,n,General,False
TABLA DE ACCESORIOS SUCCION,B17,8,n,0,False
TABLA DE ACCESORIOS SUCCION,F17,90,n,0,False
TABLA DE ACCESORIOS SUCCION,K17,1,n,General,False
TABLA DE ACCESORIOS SUCCION,N17,1,n,General,False
TABLA DE ACCESORIOS SUCCION,B18,9,n,0,False
TABLA DE ACCESORIOS SUCCION,F18,75,n,0,False
TABLA DE ACCESORIOS SUCCION,K18,1,n,General,False
TABLA DE ACCESORIOS SUCCION,N18,1,n,General,False
TABLA DE ACCESORIOS SUCCION,B19,10,n,0,False
TABLA DE ACCESORIOS SUCCION,F19,420,n,0,False
TABLA DE ACCESORIOS SUCCION,K19,11,n,General,False
TABLA DE ACCESORIOS SUCCION,N19,1,n,General,False
TABLA DE ACCESORIOS SUCCION,B20,11,n,0,False
TABLA DE ACCESORIOS SUCCION,F20,5.5,n,0,False
TABLA DE ACCESORIOS SUCCION,K20,15,n,General,False
TABLA DE ACCESORIOS SUCCION,N20,1,n,General,False
TABLA DE ACCESORIOS SUCCION,B21,12,n,0,False
TABLA DE ACCESORIOS SUCCION,F21,45,n,0,False
TABLA DE ACCESORIOS SUCCION,K21,1,n,General,False
TABLA DE ACCESORIOS SUCCION,N21,1,n,General,False
TABLA DE ACCESORIOS SUCCION,B22,13,n,0,False
TABLA DE ACCESORIOS SUCCION,F22,30,n,0,False
TABLA DE ACCESORIOS SUCCION,K22,15,n,General,False
TABLA DE ACCESORIOS SUCCION,N22,1,n,General,False
TABLA DE ACCESORIOS SUCCION,B23,14,n,0,False
TABLA DE ACCESORIOS SUCCION,F23,18,n,0,False
TABLA DE ACCESORIOS SUCCION,K23,11,n,General,False
TABLA DE ACCESORIOS SUCCION,N23,1,n,General,False
TABLA DE ACCESORIOS SUCCION,B24,15,n,0,False
TABLA DE ACCESORIOS SUCCION,F24,30,n,0,False
TABLA DE ACCESORIOS SUCCION,K24,11,n,General,False
TABLA DE ACCESORIOS SUCCION,N24,1,n,General,False
TABLA DE ACCESORIOS SUCCION,B25,16,n,0,False
TABLA DE ACCESORIOS SUCCION,F25,16,n,0,False
TABLA DE ACCESORIOS SUCCION,K25,11,n,General,False
TABLA DE ACCESORIOS SUCCION,N25,1,n,General,False
TABLA DE ACCESORIOS SUCCION,B26,17,n,0,False
TABLA DE ACCESORIOS SUCCION,F26,60,n,0,False
TABLA DE ACCESORIOS SUCCION,K26,11,n,General,False
TABLA DE ACCESORIOS SUCCION,N26,1,n,General,False
TABLA DE ACCESORIOS SUCCION,B27,18,n,0,False
TABLA DE ACCESORIOS SUCCION,F27,15,n,0,False
TABLA DE ACCESORIOS SUCCION,K27,11,n,General,False
TABLA DE ACCESORIOS SUCCION,N27,1,n,General,False
TABLA DE ACCESORIOS SUCCION,B28,19,n,0,False
TABLA DE ACCESORIOS SUCCION,F28,20,n,0,False
TABLA DE ACCESORIOS SUCCION,K28,1,n,General,False
TABLA DE ACCESORIOS SUCCION,N28,1,n,General,False
TABLA DE ACCESORIOS SUCCION,B29,20,n,0,False
TABLA DE ACCESORIOS SUCCION,F29,17,n,0,False
TABLA DE ACCESORIOS SUCCION,K29,11,n,General,False
TABLA DE ACCESORIOS SUCCION,N29,1,n,General,False
TABLA DE ACCESORIOS SUCCION,B30,21,n,0,False
TABLA DE ACCESORIOS SUCCION,F30,15,n,0,False
TABLA DE ACCESORIOS SUCCION,K30,11,n,General,False
TABLA DE ACCESORIOS SUCCION,N30,1,n,General,False
TABLA DE ACCESORIOS SUCCION,B31,22,n,0,False
TABLA DE ACCESORIOS SUCCION,F31,60,n,0,False
TABLA DE ACCESORIOS SUCCION,K31,6,n,General,False
TABLA DE ACCESORIOS SUCCION,N31,1,n,General,False
TABLA DE ACCESORIOS SUCCION,B32,23,n,0,False
TABLA DE ACCESORIOS SUCCION,F32,0.24,n,0.00,False
TABLA DE ACCESORIOS SUCCION,K32,15,n,General,False
TABLA DE ACCESORIOS SUCCION,N32,1,n,General,False
TABLA DE ACCESORIOS SUCCION,B33,24,n,0,False
TABLA DE ACCESORIOS SUCCION,F33,0.78,n,0.00,False
TABLA DE ACCESORIOS SUCCION,K33,1,n,General,False
TABLA DE ACCESORIOS SUCCION,N33,1,n,General,False
TABLA DE ACCESORIOS SUCCION,B34,25,n,0,False
TABLA DE ACCESORIOS SUCCION,F34,1,n,0,False
TABLA DE ACCESORIOS SUCCION,K34,18,n,General,False
TABLA DE ACCESORIOS SUCCION,N34,1,n,General,False
TABLA DE ACCESORIOS SUCCION,B35,26,n,0,False
TABLA DE ACCESORIOS SUCCION,F35,1,n,0,False
TABLA DE ACCESORIOS SUCCION,K35,18,n,General,False
TABLA DE ACCESORIOS SUCCION,N35,1,n,General,False
TABLA DE ACCESORIOS SUCCION,B36,27,n,0,False
TABLA DE ACCESORIOS SUCCION,F36,1,n,0,False
TABLA DE ACCESORIOS SUCCION,B37,28,n,0,False
TABLA DE ACCESORIOS SUCCION,F37,50,n,0,False
TABLA DE ACCESORIOS SUCCION,B38,19,n,0,False
TABLA DE ACCESORIOS SUCCION,F38,12,n,0,False
TABLA DE ACCESORIOS SUCCION,B39,20,n,0,False
TABLA DE ACCESORIOS SUCCION,F39,8,n,0,False
TABLA DE ACCESORIOS SUCCION,K115,6,n,General,False
005PU001,A6,1,n,General,False
005PU001,A7,2,n,General,False
005PU001,A8,3,n,General,False
005PU001,A9,4,n,General,False
005PU001,A10,5,n,General,False
005PU001,A11,6,n,General,False
005PU001,A12,7,n,General,False
005PU001,A13,8,n,General,False
005PU001,A14,9,n,General,False
005PU001,A15,10,n,General,False
005PU001,A16,11,n,General,False
005PU001,A17,12,n,General,False
005PU001,A18,13,n,General,False
005PU001,A19,14,n,General,False
005PU001,H19,75,n,General,False
005PU001,A20,15,n,General,False
005PU001,H20,3600,n,General,False
005PU001,A21,16,n,General,False
005PU001,D21,190,n,General,False
005PU001,A22,17,n,General,False
005PU001,D22,6.34,n,0.00,False
005PU001,A23,18,n,General,False
005PU001,H23,372,n,General,False
005PU001,D24,3600,n,General,False
005PU001,A27,19,n,General,False
005PU001,A28,20,n,General,False
005PU001,A29,21,n,General,False
005PU001,A30,22,n,General,False
005PU001,A31,23,n,General,False
005PU001,A32,24,n,General,False
RESUMEN PARA PDF,B15,0,n,0.00,False
RESUMEN PARA PDF,G15,7,n,General,False
RESUMEN PARA PDF,G20,1,n,General,False
RESUMEN PARA PDF,G23,14.7,n,0.00,False
RESUMEN PARA PDF,D34,120,n,General,False
RESUMEN PARA PDF,G79,45,n,0.00,False
RESUMEN PARA PDF,G80,6.34,n,0.00,False
REGISTROS,D2,0.026590860217988996,n,0.00,False
REGISTROS,F2,1693,n,0.00,False
REGISTROS,G2,17.64681827956402,n,0.00,False
VELOCIDADES RECOMENDADAS,B5,1,n,0,False
VELOCIDADES RECOMENDADAS,D5,7,n,0,False
VELOCIDADES RECOMENDADAS,E5,13,n,0,False
VELOCIDADES RECOMENDADAS,F5,4,n,0,False
VELOCIDADES RECOMENDADAS,G5,62,n,0.0,False
VELOCIDADES RECOMENDADAS,H5,1.5,n,0.00,False
VELOCIDADES RECOMENDADAS,I5,0.00013,n,0.00000,False
VELOCIDADES RECOMENDADAS,K5,1,n,0,False
VELOCIDADES RECOMENDADAS,M5,4,n,0.0,False
VELOCIDADES RECOMENDADAS,N5,15,n,0.0,False
VELOCIDADES RECOMENDADAS,O5,1.5,n,0.0,False
VELOCIDADES RECOMENDADAS,P5,62,n,0.0,False
VELOCIDADES RECOMENDADAS,Q5,1.5,n,0.0,False
VELOCIDADES RECOMENDADAS,R5,0.00013,n,0.00000,False
VELOCIDADES RECOMENDADAS,T5,1,n,0,False
VELOCIDADES RECOMENDADAS,U5,0.5,n,0.0,False
VELOCIDADES RECOMENDADAS,V5,0.027,n,0.000,False
VELOCIDADES RECOMENDADAS,W5,0.622,n,0.000,False
VELOCIDADES RECOMENDADAS,Y5,1,n,0,False
VELOCIDADES RECOMENDADAS,Z5,30,n,0,False
VELOCIDADES RECOMENDADAS,AA5,0.1,n,0.000,False
VELOCIDADES RECOMENDADAS,AC5,1.002,n,0.000,False
VELOCIDADES RECOMENDADAS,B6,2,n,0,False
VELOCIDADES RECOMENDADAS,D6,4,n,0,False
VELOCIDADES RECOMENDADAS,E6,6,n,0,False
VELOCIDADES RECOMENDADAS,F6,4,n,0,False
VELOCIDADES RECOMENDADAS,G6,43.59,n,0.0,False
VELOCIDADES RECOMENDADAS,H6,6,n,0.00,False
VELOCIDADES RECOMENDADAS,I6,0.00013,n,0.00000,False
VELOCIDADES RECOMENDADAS,K6,2,n,0,False
VELOCIDADES RECOMENDADAS,M6,3,n,0.0,False
VELOCIDADES RECOMENDADAS,N6,6,n,0.0,False
VELOCIDADES RECOMENDADAS,O6,1.5,n,0.0,False
VELOCIDADES RECOMENDADAS,P6,43.59,n,0.0,False
VELOCIDADES RECOMENDADAS,Q6,6,n,0.0,False
VELOCIDADES RECOMENDADAS,R6,0.00013,n,0.00000,False
VELOCIDADES RECOMENDADAS,T6,2,n,0,False
VELOCIDADES RECOMENDADAS,U6,0.75,n,0.00,False
VELOCIDADES RECOMENDADAS,V6,0.025,n,0.000,False
VELOCIDADES RECOMENDADAS,W6,0.824,n,0.000,False
VELOCIDADES RECOMENDADAS,Y6,2,n,0,False
VELOCIDADES RECOMENDADAS,Z6,40,n,0,False
VELOCIDADES RECOMENDADAS,AA6,0.17,n,0.000,False
VELOCIDADES RECOMENDADAS,AC6,1.001,n,0.000,False
VELOCIDADES RECOMENDADAS,AE6,1,n,General,False
VELOCIDADES RECOMENDADAS,AF6,500,n,General,False
VELOCIDADES RECOMENDADAS,B7,3,n,0,False
VELOCIDADES RECOMENDADAS,D7,4,n,0,False
VELOCIDADES RECOMENDADAS,E7,10,n,0,False
VELOCIDADES RECOMENDADAS,F7,2.5,n,0,False
VELOCIDADES RECOMENDADAS,G7,52.93,n,0.0,False
VELOCIDADES RECOMENDADAS,H7,3,n,0.00,False
VELOCIDADES RECOMENDADAS,I7,0.00013,n,0.00000,False
VELOCIDADES RECOMENDADAS,K7,3,n,0,False
VELOCIDADES RECOMENDADAS,M7,3,n,0.0,False
VELOCIDADES RECOMENDADAS,N7,5,n,0.0,False
VELOCIDADES RECOMENDADAS,O7,1.5,n,0.0,False
VELOCIDADES RECOMENDADAS,P7,52.93,n,0.0,False
VELOCIDADES RECOMENDADAS,Q7,3,n,0.0,False
VELOCIDADES RECOMENDADAS,R7,0.00013,n,0.00000,False
VELOCIDADES RECOMENDADAS,T7,3,n,0,False
VELOCIDADES RECOMENDADAS,U7,1,n,0.0,False
VELOCIDADES RECOMENDADAS,V7,0.023,n,0.000,False
VELOCIDADES RECOMENDADAS,W7,1.049,n,0.000,False
VELOCIDADES RECOMENDADAS,Y7,3,n,0,False
VELOCIDADES RECOMENDADAS,Z7,50,n,0,False
VELOCIDADES RECOMENDADAS,AA7,0.2,n,0.000,False
VELOCIDADES RECOMENDADAS,AC7,1.001,n,0.000,False
VELOCIDADES RECOMENDADAS,AE7,2,n,General,False
VELOCIDADES RECOMENDADAS,AF7,600,n,General,False
VELOCIDADES RECOMENDADAS,B8,4,n,0,False
VELOCIDADES RECOMENDADAS,D8,3,n,0,False
VELOCIDADES RECOMENDADAS,E8,5,n,0,False
VELOCIDADES RECOMENDADAS,F8,1.5,n,0,False
VELOCIDADES RECOMENDADAS,G8,62,n,0.0,False
VELOCIDADES RECOMENDADAS,H8,0.52,n,0.00,False
VELOCIDADES RECOMENDADAS,I8,0.00013,n,0.00000,False
VELOCIDADES RECOMENDADAS,K8,4,n,0,False
VELOCIDADES RECOMENDADAS,M8,2,n,0.0,False
VELOCIDADES RECOMENDADAS,N8,3,n,0.0,False
VELOCIDADES RECOMENDADAS,O8,0.5,n,0.0,False
VELOCIDADES RECOMENDADAS,P8,62,n,0.0,False
VELOCIDADES RECOMENDADAS,Q8,0.52,n,0.0,False
VELOCIDADES RECOMENDADAS,R8,0.00013,n,0.00000,False
VELOCIDADES RECOMENDADAS,T8,4,n,0,False
VELOCIDADES RECOMENDADAS,U8,1.25,n,0.00,False
VELOCIDADES RECOMENDADAS,V8,0.022,n,0.000,False
VELOCIDADES RECOMENDADAS,W8,1.38,n,0.000,False
VELOCIDADES RECOMENDADAS,Y8,4,n,0,False
VELOCIDADES RECOMENDADAS,Z8,60,n,0,False
VELOCIDADES RECOMENDADAS,AA8,0.25,n,0.000,False
VELOCIDADES RECOMENDADAS,AC8,1,n,0.000,False
VELOCIDADES RECOMENDADAS,AE8,3,n,General,False
VELOCIDADES RECOMENDADAS,AF8,700,n,General,False
VELOCIDADES RECOMENDADAS,B9,5,n,0,False
VELOCIDADES RECOMENDADAS,D9,9,n,0,False
VELOCIDADES RECOMENDADAS,E9,15,n,0,False
VELOCIDADES RECOMENDADAS,F9,5,n,0,False
VELOCIDADES RECOMENDADAS,G9,62.28,n,0.0,False
VELOCIDADES RECOMENDADAS,H9,0.53,n,0.00,False
VELOCIDADES RECOMENDADAS,I9,0.00013,n,0.00000,False
VELOCIDADES RECOMENDADAS,K9,5,n,0,False
VELOCIDADES RECOMENDADAS,M9,3,n,0.0,False
VELOCIDADES RECOMENDADAS,N9,8,n,0.0,False
VELOCIDADES RECOMENDADAS,O9,2,n,0.0,False
VELOCIDADES RECOMENDADAS,P9,62.28,n,0.0,False
VELOCIDADES RECOMENDADAS,Q9,0.53,n,0.0,False
VELOCIDADES RECOMENDADAS,R9,0.00013,n,0.00000,False
VELOCIDADES RECOMENDADAS,T9,5,n,0,False
VELOCIDADES RECOMENDADAS,U9,1.5,n,0.0,False
VELOCIDADES RECOMENDADAS,V9,0.021,n,0.000,False
VELOCIDADES RECOMENDADAS,W9,1.61,n,0.000,False
VELOCIDADES RECOMENDADAS,Y9,5,n,0,False
VELOCIDADES RECOMENDADAS,Z9,70,n,0,False
VELOCIDADES RECOMENDADAS,AA9,0.35,n,0.000,False
VELOCIDADES RECOMENDADAS,AC9,0.999,n,0.000,False
VELOCIDADES RECOMENDADAS,AE9,4,n,General,False
VELOCIDADES RECOMENDADAS,AF9,800,n,General,False
VELOCIDADES RECOMENDADAS,B10,6,n,0,False
VELOCIDADES RECOMENDADAS,D10,8,n,0,False
VELOCIDADES RECOMENDADAS,E10,15,n,0,False
VELOCIDADES RECOMENDADAS,F10,5,n,0,False
VELOCIDADES RECOMENDADAS,G10,62,n,0.0,False
VELOCIDADES RECOMENDADAS,H10,0.52,n,0.00,False
VELOCIDADES RECOMENDADAS,I10,0.00013,n,0.00000,False
VELOCIDADES RECOMENDADAS,K10,6,n,0,False
VELOCIDADES RECOMENDADAS,M10,2,n,0.0,False
VELOCIDADES RECOMENDADAS,N10,1,n,0.0,False
VELOCIDADES RECOMENDADAS,O10,5,n,0.0,False
VELOCIDADES RECOMENDADAS,P10,62,n,0.0,False
VELOCIDADES RECOMENDADAS,Q10,0.52,n,0.0,False
VELOCIDADES RECOMENDADAS,R10,0.00013,n,0.00000,False
VELOCIDADES RECOMENDADAS,T10,6,n,0,False
VELOCIDADES RECOMENDADAS,U10,2,n,0.00,False
VELOCIDADES RECOMENDADAS,V10,0.019,n,0.000,False
VELOCIDADES RECOMENDADAS,W10,2.067,n,0.000,False
VELOCIDADES RECOMENDADAS,Y10,6,n,0,False
VELOCIDADES RECOMENDADAS,Z10,80,n,0,False
VELOCIDADES RECOMENDADAS,AA10,0.5,n,0.000,False
VELOCIDADES RECOMENDADAS,AC10,0.998,n,0.000,False
VELOCIDADES RECOMENDADAS,AE10,5,n,General,False
VELOCIDADES RECOMENDADAS,AF10,900,n,General,False
VELOCIDADES RECOMENDADAS,B11,7,n,0,False
VELOCIDADES RECOMENDADAS,D11,8,n,0,False
VELOCIDADES RECOMENDADAS,E11,15,n,0,False
VELOCIDADES RECOMENDADAS,F11,5,n,0,False
VELOCIDADES RECOMENDADAS,G11,62,n,0.0,False
VELOCIDADES RECOMENDADAS,H11,0.52,n,0.00,False
VELOCIDADES RECOMENDADAS,I11,0.00013,n,0.00000,False
VELOCIDADES RECOMENDADAS,K11,7,n,0,False
VELOCIDADES RECOMENDADAS,M11,2,n,0.0,False
VELOCIDADES RECOMENDADAS,N11,6,n,0.0,False
VELOCIDADES RECOMENDADAS,O11,1.5,n,0.0,False
VELOCIDADES RECOMENDADAS,P11,62,n,0.0,False
VELOCIDADES RECOMENDADAS,Q11,0.52,n,0.0,False
VELOCIDADES RECOMENDADAS,R11,0.00013,n,0.00000,False
VELOCIDADES RECOMENDADAS,T11,7,n,0,False
VELOCIDADES RECOMENDADAS,U11,2.5,n,0.0,False
VELOCIDADES RECOMENDADAS,V11,0.018,n,0.000,False
VELOCIDADES RECOMENDADAS,W11,2.469,n,0.000,False
VELOCIDADES RECOMENDADAS,Y11,7,n,0,False
VELOCIDADES RECOMENDADAS,Z11,85,n,0,False
VELOCIDADES RECOMENDADAS,AA11,0.55,n,0.000,False
VELOCIDADES RECOMENDADAS,AC11,0.997,n,0.000,False
VELOCIDADES RECOMENDADAS,AE11,6,n,General,False
VELOCIDADES RECOMENDADAS,AF11,1000,n,General,False
VELOCIDADES RECOMENDADAS,B12,8,n,0,False
VELOCIDADES RECOMENDADAS,D12,8,n,0,False
VELOCIDADES RECOMENDADAS,E12,15,n,0,False
VELOCIDADES RECOMENDADAS,F12,5,n,0,False
VELOCIDADES RECOMENDADAS,G12,62.28,n,0.0,False
VELOCIDADES RECOMENDADAS,H12,0.52,n,0.00,False
VELOCIDADES RECOMENDADAS,I12,0.00013,n,0.00000,False
VELOCIDADES RECOMENDADAS,K12,8,n,0,False
VELOCIDADES RECOMENDADAS,M12,2,n,0.0,False
VELOCIDADES RECOMENDADAS,N12,5,n,0.0,False
VELOCIDADES RECOMENDADAS,O12,1.5,n,0.0,False
VELOCIDADES RECOMENDADAS,P12,62.28,n,0.0,False
VELOCIDADES RECOMENDADAS,Q12,0.52,n,0.0,False
VELOCIDADES RECOMENDADAS,R12,0.00013,n,0.00000,False
VELOCIDADES RECOMENDADAS,T12,8,n,0,False
VELOCIDADES RECOMENDADAS,U12,3,n,0.00,False
VELOCIDADES RECOMENDADAS,V12,0.018,n,0.000,False
VELOCIDADES RECOMENDADAS,W12,3.068,n,0.000,False
VELOCIDADES RECOMENDADAS,Y12,8,n,0,False
VELOCIDADES RECOMENDADAS,Z12,90,n,0,False
VELOCIDADES RECOMENDADAS,AA12,0.7,n,0.000,False
VELOCIDADES RECOMENDADAS,AC12,0.996,n,0.000,False
VELOCIDADES RECOMENDADAS,AE12,7,n,General,False
VELOCIDADES RECOMENDADAS,AF12,1500,n,General,False
VELOCIDADES RECOMENDADAS,B13,9,n,0,False
VELOCIDADES RECOMENDADAS,D13,5,n,0,False
VELOCIDADES RECOMENDADAS,E13,10,n,0,False
VELOCIDADES RECOMENDADAS,F13,3,n,0,False
VELOCIDADES RECOMENDADAS,G13,61.5,n,0.0,False
VELOCIDADES RECOMENDADAS,H13,1.56,n,0.00,False
VELOCIDADES RECOMENDADAS,I13,0.00013,n,0.00000,False
VELOCIDADES RECOMENDADAS,K13,9,n,0,False
VELOCIDADES RECOMENDADAS,M13,2,n,0.0,False
VELOCIDADES RECOMENDADAS,N13,5,n,General,False
VELOCIDADES RECOMENDADAS,O13,0.5,n,General,False
VELOCIDADES RECOMENDADAS,P13,61.5,n,General,False
VELOCIDADES RECOMENDADAS,Q13,1.56,n,General,False
VELOCIDADES RECOMENDADAS,R13,0.00013,n,0.00000,False
VELOCIDADES RECOMENDADAS,T13,9,n,0,False
VELOCIDADES RECOMENDADAS,U13,4,n,0.0,False
VELOCIDADES RECOMENDADAS,V13,0.017,n,0.000,False
VELOCIDADES RECOMENDADAS,W13,4.026,n,0.000,False
VELOCIDADES RECOMENDADAS,Y13,9,n,0,False
VELOCIDADES RECOMENDADAS,Z13,95,n,0,False
VELOCIDADES RECOMENDADAS,AA13,0.8,n,0.000,False
VELOCIDADES RECOMENDADAS,AC13,0.995,n,0.000,False
VELOCIDADES RECOMENDADAS,AE13,8,n,General,False
VELOCIDADES RECOMENDADAS,AF13,1800,n,General,False
VELOCIDADES RECOMENDADAS,B14,10,n,0,False
VELOCIDADES RECOMENDADAS,D14,5,n,0,False
VELOCIDADES RECOMENDADAS,E14,9,n,0,False
VELOCIDADES RECOMENDADAS,F14,1.5,n,0,False
VELOCIDADES RECOMENDADAS,G14,61.5,n,0.0,False
VELOCIDADES RECOMENDADAS,H14,1.65,n,0.00,False
VELOCIDADES RECOMENDADAS,I14,0.00013,n,0.00000,False
VELOCIDADES RECOMENDADAS,K14,10,n,0,False
VELOCIDADES RECOMENDADAS,M14,1,n,0.0,False
VELOCIDADES RECOMENDADAS,N14,3,n,General,False
VELOCIDADES RECOMENDADAS,O14,0.5,n,General,False
VELOCIDADES RECOMENDADAS,P14,61.5,n,General,False
VELOCIDADES RECOMENDADAS,Q14,1.65,n,General,False
VELOCIDADES RECOMENDADAS,R14,0.00013,n,0.00000,False
VELOCIDADES RECOMENDADAS,T14,10,n,0,False
VELOCIDADES RECOMENDADAS,U14,5,n,0.00,False
VELOCIDADES RECOMENDADAS,V14,0.016,n,0.000,False
VELOCIDADES RECOMENDADAS,W14,5.047,n,0.000,False
VELOCIDADES RECOMENDADAS,Y14,10,n,0,False
VELOCIDADES RECOMENDADAS,Z14,100,n,0,False
VELOCIDADES RECOMENDADAS,AA14,1,n,0.000,False
VELOCIDADES RECOMENDADAS,AC14,0.994,n,0.000,False
VELOCIDADES RECOMENDADAS,AE14,9,n,General,False
VELOCIDADES RECOMENDADAS,AF14,2000,n,General,False
VELOCIDADES RECOMENDADAS,B15,11,n,0,False
VELOCIDADES RECOMENDADAS,D15,4,n,0,False
VELOCIDADES RECOMENDADAS,E15,7,n,0,False
VELOCIDADES RECOMENDADAS,F15,1.5,n,0,False
VELOCIDADES RECOMENDADAS,G15,61.5,n,0.0,False
VELOCIDADES RECOMENDADAS,H15,1.7,n,0.00,False
VELOCIDADES RECOMENDADAS,I15,0.00013,n,0.00000,False
VELOCIDADES RECOMENDADAS,K15,11,n,0,False
VELOCIDADES RECOMENDADAS,M15,2,n,0.0,False
VELOCIDADES RECOMENDADAS,N15,5,n,0.0,False
VELOCIDADES RECOMENDADAS,O15,0.5,n,0.0,False
VELOCIDADES RECOMENDADAS,P15,61.5,n,0.0,False
VELOCIDADES RECOMENDADAS,Q15,1.7,n,0.0,False
VELOCIDADES RECOMENDADAS,R15,0.00013,n,0.00000,False
VELOCIDADES RECOMENDADAS,T15,11,n,0,False
VELOCIDADES RECOMENDADAS,U15,6,n,0.0,False
VELOCIDADES RECOMENDADAS,V15,0.015,n,0.000,False
VELOCIDADES RECOMENDADAS,W15,6.065,n,0.000,False
VELOCIDADES RECOMENDADAS,Y15,11,n,0,False
VELOCIDADES RECOMENDADAS,Z15,120,n,0,False
VELOCIDADES RECOMENDADAS,AA15,1.8,n,0.000,False
VELOCIDADES RECOMENDADAS,AC15,0.99,n,0.000,False
VELOCIDADES RECOMENDADAS,AE15,10,n,General,False
VELOCIDADES RECOMENDADAS,AF15,2500,n,General,False
VELOCIDADES RECOMENDADAS,B16,12,n,0,False
VELOCIDADES RECOMENDADAS,D16,10,n,0,False
VELOCIDADES RECOMENDADAS,E16,15,n,0,False
VELOCIDADES RECOMENDADAS,F16,3,n,0,False
VELOCIDADES RECOMENDADAS,G16,61,n,0.0,False
VELOCIDADES RECOMENDADAS,H16,1.9,n,0.00,False
VELOCIDADES RECOMENDADAS,I16,0.00013,n,0.00000,False
VELOCIDADES RECOMENDADAS,K16,12,n,0,False
VELOCIDADES RECOMENDADAS,M16,6,n,0.0,False
VELOCIDADES RECOMENDADAS,N16,15,n,0.0,False
VELOCIDADES RECOMENDADAS,O16,5,n,0.0,False
VELOCIDADES RECOMENDADAS,P16,61,n,0.0,False
VELOCIDADES RECOMENDADAS,Q16,1.9,n,0.0,False
VELOCIDADES RECOMENDADAS,R16,0.00013,n,0.00000,False
VELOCIDADES RECOMENDADAS,T16,12,n,0,False
VELOCIDADES RECOMENDADAS,U16,8,n,0.00,False
VELOCIDADES RECOMENDADAS,V16,0.014,n,0.000,False
VELOCIDADES RECOMENDADAS,W16,7.981,n,0.000,False
VELOCIDADES RECOMENDADAS,Y16,12,n,0,False
VELOCIDADES RECOMENDADAS,Z16,140,n,0,False
VELOCIDADES RECOMENDADAS,AA16,2.9,n,0.000,False
VELOCIDADES RECOMENDADAS,AC16,0.985,n,0.000,False
VELOCIDADES RECOMENDADAS,AE16,11,n,General,False
VELOCIDADES RECOMENDADAS,AF16,3000,n,General,False
VELOCIDADES RECOMENDADAS,B17,13,n,0,False
VELOCIDADES RECOMENDADAS,D17,5,n,0,False
VELOCIDADES RECOMENDADAS,E17,10,n,0,False
VELOCIDADES RECOMENDADAS,F17,5,n,0,False
VELOCIDADES RECOMENDADAS,G17,65,n,0.0,False
VELOCIDADES RECOMENDADAS,H17,4,n,0.00,False
VELOCIDADES RECOMENDADAS,I17,0.00013,n,0.00000,False
VELOCIDADES RECOMENDADAS,K17,13,n,0,False
VELOCIDADES RECOMENDADAS,M17,2,n,0.0,False
VELOCIDADES RECOMENDADAS,N17,15,n,0.0,False
VELOCIDADES RECOMENDADAS,O17,5,n,0.0,False
VELOCIDADES RECOMENDADAS,P17,65,n,0.0,False
VELOCIDADES RECOMENDADAS,Q17,4,n,0.0,False
VELOCIDADES RECOMENDADAS,R17,0.00013,n,0.00000,False
VELOCIDADES RECOMENDADAS,T17,13,n,0,False
VELOCIDADES RECOMENDADAS,U17,10,n,0.0,False
VELOCIDADES RECOMENDADAS,V17,0.014,n,0.000,False
VELOCIDADES RECOMENDADAS,W17,10.02,n,0.000,False
VELOCIDADES RECOMENDADAS,Y17,13,n,0,False
VELOCIDADES RECOMENDADAS,Z17,150,n,0,False
VELOCIDADES RECOMENDADAS,AA17,3.9,n,0.000,False
VELOCIDADES RECOMENDADAS,AC17,0.982,n,0.000,False
VELOCIDADES RECOMENDADAS,AE17,12,n,General,False
VELOCIDADES RECOMENDADAS,AF17,3500,n,General,False
VELOCIDADES RECOMENDADAS,B18,14,n,0,False
VELOCIDADES RECOMENDADAS,E18,15,n,0,False
VELOCIDADES RECOMENDADAS,F18,2.5,n,0,False
VELOCIDADES RECOMENDADAS,G18,68,n,0.0,False
VELOCIDADES RECOMENDADAS,H18,2,n,0.00,False
VELOCIDADES RECOMENDADAS,I18,0.00013,n,0.00000,False
VELOCIDADES RECOMENDADAS,K18,14,n,0,False
VELOCIDADES RECOMENDADAS,M18,2,n,0.0,False
VELOCIDADES RECOMENDADAS,N18,15,n,0.0,False
VELOCIDADES RECOMENDADAS,O18,5,n,0.0,False
VELOCIDADES RECOMENDADAS,P18,68,n,0.0,False
VELOCIDADES RECOMENDADAS,Q18,2,n,0.0,False
VELOCIDADES RECOMENDADAS,R18,0.00013,n,0.00000,False
VELOCIDADES RECOMENDADAS,T18,14,n,0,False
VELOCIDADES RECOMENDADAS,U18,12,n,0.00,False
VELOCIDADES RECOMENDADAS,V18,0.013,n,0.000,False
VELOCIDADES RECOMENDADAS,W18,12,n,0.000,False
VELOCIDADES RECOMENDADAS,Y18,14,n,0,False
VELOCIDADES RECOMENDADAS,Z18,160,n,0,False
VELOCIDADES RECOMENDADAS,AA18,5,n,0.000,False
VELOCIDADES RECOMENDADAS,AC18,0.979,n,0.000,False
VELOCIDADES RECOMENDADAS,AE18,13,n,General,False
VELOCIDADES RECOMENDADAS,AF18,4000,n,General,False
VELOCIDADES RECOMENDADAS,B19,15,n,0,False
VELOCIDADES RECOMENDADAS,D19,5,n,0,False
VELOCIDADES RECOMENDADAS,E19,10,n,0,False
VELOCIDADES RECOMENDADAS,F19,4,n,0,False
VELOCIDADES RECOMENDADAS,G19,70,n,0.0,False
VELOCIDADES RECOMENDADAS,H19,4,n,0.00,False
VELOCIDADES RECOMENDADAS,I19,0.00013,n,0.00000,False
VELOCIDADES RECOMENDADAS,K19,15,n,0,False
VELOCIDADES RECOMENDADAS,M19,2,n,0.0,False
VELOCIDADES RECOMENDADAS,N19,15,n,0.0,False
VELOCIDADES RECOMENDADAS,O19,5,n,0.0,False
VELOCIDADES RECOMENDADAS,P19,70,n,0.0,False
VELOCIDADES RECOMENDADAS,Q19,4,n,0.0,False
VELOCIDADES RECOMENDADAS,R19,0.00013,n,0.00000,False
VELOCIDADES RECOMENDADAS,T19,15,n,0,False
VELOCIDADES RECOMENDADAS,U19,14,n,0.0,False
VELOCIDADES RECOMENDADAS,V19,0.013,n,0.000,False
VELOCIDADES RECOMENDADAS,W19,13.124,n,0.000,False
VELOCIDADES RECOMENDADAS,Y19,15,n,0,False
VELOCIDADES RECOMENDADAS,Z19,170,n,0,False
VELOCIDADES RECOMENDADAS,AA19,7,n,0.000,False
VELOCIDADES RECOMENDADAS,AC19,0.975,n,0.000,False
VELOCIDADES RECOMENDADAS,AE19,14,n,General,False
VELOCIDADES RECOMENDADAS,AF19,4500,n,0,False
VELOCIDADES RECOMENDADAS,B20,16,n,0,False
VELOCIDADES RECOMENDADAS,D20,4,n,0,False
VELOCIDADES RECOMENDADAS,E20,10,n,0,False
VELOCIDADES RECOMENDADAS,F20,4,n,0,False
VELOCIDADES RECOMENDADAS,G20,72,n,0.0,False
VELOCIDADES RECOMENDADAS,H20,10,n,0.00,False
VELOCIDADES RECOMENDADAS,I20,0.00013,n,0.00000,False
VELOCIDADES RECOMENDADAS,K20,16,n,0,False
VELOCIDADES RECOMENDADAS,M20,2,n,0.0,False
VELOCIDADES RECOMENDADAS,N20,15,n,0.0,False
VELOCIDADES RECOMENDADAS,O20,5,n,0.0,False
VELOCIDADES RECOMENDADAS,P20,72,n,0.0,False
VELOCIDADES RECOMENDADAS,Q20,10,n,0.0,False
VELOCIDADES RECOMENDADAS,R20,0.00013,n,0.00000,False
VELOCIDADES RECOMENDADAS,T20,16,n,0,False
VELOCIDADES RECOMENDADAS,U20,16,n,0.00,False
VELOCIDADES RECOMENDADAS,V20,0.013,n,0.000,False
VELOCIDADES RECOMENDADAS,W20,15,n,0.000,False
VELOCIDADES RECOMENDADAS,Y20,16,n,0,False
VELOCIDADES RECOMENDADAS,Z20,180,n,0,False
VELOCIDADES RECOMENDADAS,AA20,7.8,n,0.000,False
VELOCIDADES RECOMENDADAS,AC20,0.972,n,0.000,False
VELOCIDADES RECOMENDADAS,AE20,15,n,General,False
VELOCIDADES RECOMENDADAS,AF20,5000,n,0,False
VELOCIDADES RECOMENDADAS,B21,17,n,0,False
VELOCIDADES RECOMENDADAS,D21,6,n,0,False
VELOCIDADES RECOMENDADAS,E21,15,n,0,False
VELOCIDADES RECOMENDADAS,F21,5,n,0,False
VELOCIDADES RECOMENDADAS,G21,61,n,0.0,False
VELOCIDADES RECOMENDADAS,H21,0.5,n,0.00,False
VELOCIDADES RECOMENDADAS,I21,0.00013,n,0.00000,False
VELOCIDADES RECOMENDADAS,K21,17,n,0,False
VELOCIDADES RECOMENDADAS,M21,4,n,0.0,False
VELOCIDADES RECOMENDADAS,N21,15,n,0.0,False
VELOCIDADES RECOMENDADAS,O21,5,n,0.0,False
VELOCIDADES RECOMENDADAS,P21,61,n,0.0,False
VELOCIDADES RECOMENDADAS,Q21,0.5,n,0.0,False
VELOCIDADES RECOMENDADAS,R21,0.00013,n,0.00000,False
VELOCIDADES RECOMENDADAS,T21,17,n,0,False
VELOCIDADES RECOMENDADAS,U21,18,n,0.0,False
VELOCIDADES RECOMENDADAS,V21,0.012,n,0.000,False
VELOCIDADES RECOMENDADAS,W21,16.876,n,0.000,False
VELOCIDADES RECOMENDADAS,Y21,17,n,0,False
VELOCIDADES RECOMENDADAS,Z21,190,n,0,False
VELOCIDADES RECOMENDADAS,AA21,9,n,0.000,False
VELOCIDADES RECOMENDADAS,AC21,0.968,n,0.000,False
VELOCIDADES RECOMENDADAS,AE21,16,n,General,False
VELOCIDADES RECOMENDADAS,AF21,5500,n,0,False
VELOCIDADES RECOMENDADAS,B22,18,n,0,False
VELOCIDADES RECOMENDADAS,D22,7,n,0,False
VELOCIDADES RECOMENDADAS,E22,10,n,0,False
VELOCIDADES RECOMENDADAS,F22,3,n,0,False
VELOCIDADES RECOMENDADAS,G22,60.9,n,0.0,False
VELOCIDADES RECOMENDADAS,H22,0.52,n,0.00,False
VELOCIDADES RECOMENDADAS,I22,0.00013,n,0.00000,False
VELOCIDADES RECOMENDADAS,K22,18,n,0,False
VELOCIDADES RECOMENDADAS,M22,2,n,0.0,False
VELOCIDADES RECOMENDADAS,N22,15,n,0.0,False
VELOCIDADES RECOMENDADAS,O22,5,n,0.0,False
VELOCIDADES RECOMENDADAS,P22,60.9,n,0.0,False
VELOCIDADES RECOMENDADAS,Q22,0.52,n,0.0,False
VELOCIDADES RECOMENDADAS,R22,0.00013,n,0.00000,False
VELOCIDADES RECOMENDADAS,T22,18,n,0,False
VELOCIDADES RECOMENDADAS,U22,20,n,0.0,False
VELOCIDADES RECOMENDADAS,V22,0.012,n,0.000,False
VELOCIDADES RECOMENDADAS,W22,18.812,n,0.000,False
VELOCIDADES RECOMENDADAS,Y22,18,n,0,False
VELOCIDADES RECOMENDADAS,Z22,200,n,0,False
VELOCIDADES RECOMENDADAS,AA22,15,n,0.000,False
VELOCIDADES RECOMENDADAS,AC22,0.964,n,0.000,False
VELOCIDADES RECOMENDADAS,AE22,17,n,General,False
VELOCIDADES RECOMENDADAS,AF22,6000,n,0,False
VELOCIDADES RECOMENDADAS,B23,19,n,0,False
VELOCIDADES RECOMENDADAS,D23,6,n,0,False
VELOCIDADES RECOMENDADAS,E23,7,n,0,False
VELOCIDADES RECOMENDADAS,F23,3,n,0,False
VELOCIDADES RECOMENDADAS,G23,59.53,n,0.0,False
VELOCIDADES RECOMENDADAS,H23,0.55,n,0.00,False
VELOCIDADES RECOMENDADAS,I23,0.00013,n,0.00000,False
VELOCIDADES RECOMENDADAS,K23,19,n,0,False
VELOCIDADES RECOMENDADAS,M23,2,n,0.0,False
VELOCIDADES RECOMENDADAS,N23,15,n,0.0,False
VELOCIDADES RECOMENDADAS,O23,5,n,0.0,False
VELOCIDADES RECOMENDADAS,P23,59.53,n,0.0,False
VELOCIDADES RECOMENDADAS,Q23,0.55,n,0.0,False
VELOCIDADES RECOMENDADAS,R23,0.00013,n,0.00000,False
VELOCIDADES RECOMENDADAS,T23,19,n,0,False
VELOCIDADES RECOMENDADAS,U23,24,n,0.0,False
VELOCIDADES RECOMENDADAS,V23,0.012,n,0.000,False
VELOCIDADES RECOMENDADAS,W23,22.624,n,0.000,False
VELOCIDADES RECOMENDADAS,Y23,19,n,0,False
VELOCIDADES RECOMENDADAS,Z23,220,n,0,False
VELOCIDADES RECOMENDADAS,AA23,20,n,0.000,False
VELOCIDADES RECOMENDADAS,AC23,0.956,n,0.000,False
VELOCIDADES RECOMENDADAS,AE23,18,n,General,False
VELOCIDADES RECOMENDADAS,AF23,6500,n,0,False
VELOCIDADES RECOMENDADAS,AE24,19,n,General,False
VELOCIDADES RECOMENDADAS,AF24,7000,n,0,False
VELOCIDADES RECOMENDADAS,AE25,20,n,General,False
VELOCIDADES RECOMENDADAS,AF25,7500,n,0,False
VELOCIDADES RECOMENDADAS,AE26,21,n,General,False
VELOCIDADES RECOMENDADAS,AF26,7500,n,0,False
VELOCIDADES RECOMENDADAS,M27,1,n,General,False
VELOCIDADES RECOMENDADAS,O27,0.00012,n,General,False
VELOCIDADES RECOMENDADAS,T27,1,n,General,False
VELOCIDADES RECOMENDADAS,AE27,22,n,General,False
VELOCIDADES RECOMENDADAS,AF27,8000,n,0,False
VELOCIDADES RECOMENDADAS,M28,2,n,General,False
VELOCIDADES RECOMENDADAS,O28,0.00015,n,General,False
VELOCIDADES RECOMENDADAS,T28,2,n,General,False
VELOCIDADES RECOMENDADAS,AE28,23,n,General,False
VELOCIDADES RECOMENDADAS,AF28,9000,n,0,False
VELOCIDADES RECOMENDADAS,M29,3,n,General,False
VELOCIDADES RECOMENDADAS,O29,0.0005,n,General,False
VELOCIDADES RECOMENDADAS,T29,3,n,General,False
VELOCIDADES RECOMENDADAS,AE29,24,n,General,False
VELOCIDADES RECOMENDADAS,AF29,10000,n,0,False
VELOCIDADES RECOMENDADAS,M30,4,n,General,False
VELOCIDADES RECOMENDADAS,O30,0.00085,n,General,False
VELOCIDADES RECOMENDADAS,T30,4,n,General,False
VELOCIDADES RECOMENDADAS,AE30,25,n,General,False
VELOCIDADES RECOMENDADAS,AF30,12000,n,0,False
VELOCIDADES RECOMENDADAS,M31,5,n,General,False
VELOCIDADES RECOMENDADAS,O31,0.003,n,General,False
VELOCIDADES RECOMENDADAS,AE31,26,n,General,False
VELOCIDADES RECOMENDADAS,AF31,15000,n,0,False
VELOCIDADES RECOMENDADAS,AE32,27,n,General,False
VELOCIDADES RECOMENDADAS,AF32,18000,n,0,False
VELOCIDADES RECOMENDADAS,AE33,28,n,General,False
VELOCIDADES RECOMENDADAS,AF33,20000,n,0,False
REPORTE GENERAL,C14,7060,n,0.0,False
REPORTE GENERAL,D14,7060,n,0.0,False
REPORTE GENERAL,H15,0.5,n,General,False
REPORTE GENERAL,H16,7,n,General,False
REPORTE GENERAL,H17,1.001,n,0.00,False
REPORTE GENERAL,C20,0,n,0.00,False
REPORTE GENERAL,D20,0,n,0.00,False
REPORTE GENERAL,H21,1.1,n,0.00,False
REPORTE GENERAL,H24,14.7,n,0.00,False
REPORTE GENERAL,C25,0,n,0.00,False
REPORTE GENERAL,H25,0,n,0.00,False
REPORTE GENERAL,C26,0,n,0.00,False
REPORTE GENERAL,H26,0.009135802469135802,n,0.00,False
REPORTE GENERAL,C27,0,n,0.00,False
REPORTE GENERAL,H27,0.39221940928270055,n,0.00,False
REPORTE GENERAL,C28,25,n,0.00,False
REPORTE GENERAL,D28,25,n,0.00,False
REPORTE GENERAL,H30,17.68172839506173,n,0.00,False
REPORTE GENERAL,H31,139.11313051302275,n,0.00,False
